Species1,Species2,Distance
1A1,1E1,0.04934175
1A10,1E1,0.037659
1A11,1E1,0.03659267
1A12,1E1,0.03967862
1A13,1E1,0.05014606
1A14,1E1,0.05068203
1A15,1E1,0.05489308
1A16,1E1,0.05513779
1A17,1E1,0.0497777
1A18,1E1,0.04689149
1A19,1E1,0.05096424
1A2,1E1,0.03394065
1A20,1E1,0.04290276
1A3,1E1,0.03492971
1A4,1E1,0.03868817
1A5,1E1,0.04218412
1A6,1E1,0.03819281
1A7,1E1,0.04400226
1A8,1E1,0.0403733
1A9,1E1,0.03606661
1B1,1E1,0.02596761
1B10,1E1,0.02139388
1B11,1E1,0.02543431
1B12,1E1,0.01491182
1B13,1E1,0.02171952
1B14,1E1,0.02340246
1B15,1E1,0.02206599
1B16,1E1,0.01973492
1B2,1E1,0.02516482
1B3,1E1,0.03367803
1B4,1E1,0.03090239
1B5,1E1,0.03201972
1B6,1E1,0.02027563
1B7,1E1,0.0224204
1B8,1E1,0.02417635
1B9,1E1,0.01658089
1C1,1E1,0.02830741
1D1,1E1,0.02174544
1D2,1E1,0.02418249
1D3,1E1,0.02492471
1D4,1E1,0.02492543
1A1,1A10,0.04177898
1A1,1A11,0.04110512
1A10,1A11,0.00830527
1A1,1A12,0.04510012
1A10,1A12,0.01200096
1A11,1A12,0.00941959
1A1,1A13,0.05413297
1A10,1A13,0.02177329
1A11,1A13,0.01975309
1A12,1A13,0.0179814
1A1,1A14,0.05458221
1A10,1A14,0.02244669
1A11,1A14,0.02065095
1A12,1A14,0.0188953
1A13,1A14,0.0040404
1A1,1A15,0.05705301
1A10,1A15,0.02940516
1A11,1A15,0.02648709
1A12,1A15,0.02594998
1A13,1A15,0.02723532
1A14,1A15,0.02828283
1A1,1A16,0.05929919
1A10,1A16,0.02962963
1A11,1A16,0.02648709
1A12,1A16,0.02782588
1A13,1A16,0.0285073
1A14,1A16,0.0298541
1A15,1A16,0.01346801
1A1,1A17,0.05256065
1A10,1A17,0.02424242
1A11,1A17,0.02132435
1A12,1A17,0.02253487
1A13,1A17,0.02356902
1A14,1A17,0.02446689
1A15,1A17,0.00830527
1A16,1A17,0.00942761
1A1,1A18,0.05121294
1A10,1A18,0.02020202
1A11,1A18,0.01773288
1A12,1A18,0.01604137
1A13,1A18,0.01818182
1A14,1A18,0.01907969
1A15,1A18,0.01414141
1A16,1A18,0.01750842
1A17,1A18,0.00942761
1A1,1A19,0.05458221
1A10,1A19,0.02558923
1A11,1A19,0.02312009
1A12,1A19,0.02260702
1A13,1A19,0.02491582
1A14,1A19,0.02581369
1A15,1A19,0.01638608
1A16,1A19,0.02020202
1A17,1A19,0.01346801
1A18,1A19,0.01346801
1A1,1A2,0.03874663
1A10,1A2,0.01313131
1A11,1A2,0.01181257
1A12,1A2,0.01544913
1A13,1A2,0.0256734
1A14,1A2,0.02657127
1A15,1A2,0.03285634
1A16,1A2,0.03308081
1A17,1A2,0.02718855
1A18,1A2,0.0233165
1A19,1A2,0.02920875
1A1,1A20,0.04716981
1A10,1A20,0.01481481
1A11,1A20,0.01212121
1A12,1A20,0.01060606
1A13,1A20,0.01189675
1A14,1A20,0.01234568
1A15,1A20,0.02042649
1A16,1A20,0.01952862
1A17,1A20,0.01750842
1A18,1A20,0.01077441
1A19,1A20,0.01750842
1A2,1A20,0.01843434
1A1,1A3,0.04002695
1A10,1A3,0.01010101
1A11,1A3,0.00897868
1A12,1A3,0.01260221
1A13,1A3,0.02276094
1A14,1A3,0.02365881
1A15,1A3,0.03007856
1A16,1A3,0.03030303
1A17,1A3,0.02491582
1A18,1A3,0.0203367
1A19,1A3,0.02626263
1A2,1A3,0.00993266
1A20,1A3,0.01548822
1A1,1A4,0.043969
1A10,1A4,0.01212121
1A11,1A4,0.00892256
1A12,1A4,0.01293591
1A13,1A4,0.02306397
1A14,1A4,0.02390572
1A15,1A4,0.03016274
1A16,1A4,0.03021886
1A17,1A4,0.02483165
1A18,1A4,0.02104377
1A19,1A4,0.02542088
1A2,1A4,0.01526199
1A20,1A4,0.01565657
1A3,1A4,0.01245791
1A1,1A5,0.05053908
1A10,1A5,0.01885522
1A11,1A5,0.01548822
1A12,1A5,0.01998557
1A13,1A5,0.02895623
1A14,1A5,0.0298541
1A15,1A5,0.03613917
1A16,1A5,0.03771044
1A17,1A5,0.03232323
1A18,1A5,0.02828283
1A19,1A5,0.03232323
1A2,1A5,0.02222222
1A20,1A5,0.02289562
1A3,1A5,0.0189899
1A4,1A5,0.01380471
1A1,1A6,0.04447439
1A10,1A6,0.01212121
1A11,1A6,0.00875421
1A12,1A6,0.01325156
1A13,1A6,0.02356902
1A14,1A6,0.02356902
1A15,1A6,0.03075196
1A16,1A6,0.03097643
1A17,1A6,0.02558923
1A18,1A6,0.02154882
1A19,1A6,0.02558923
1A2,1A6,0.01569865
1A20,1A6,0.01616162
1A3,1A6,0.01225589
1A4,1A6,0.01111111
1A5,1A6,0.01616162
1A1,1A7,0.04818059
1A10,1A7,0.01722352
1A11,1A7,0.01295001
1A12,1A7,0.01780997
1A13,1A7,0.02735043
1A14,1A7,0.02824829
1A15,1A7,0.0344643
1A16,1A7,0.03470603
1A17,1A7,0.02931883
1A18,1A7,0.02538203
1A19,1A7,0.03076923
1A2,1A7,0.02049178
1A20,1A7,0.01999482
1A3,1A7,0.01734266
1A4,1A7,0.01316369
1A5,1A7,0.01989122
1A6,1A7,0.01717172
1A1,1A8,0.0458221
1A10,1A8,0.01414141
1A11,1A8,0.01077441
1A12,1A8,0.01531987
1A13,1A8,0.02491582
1A14,1A8,0.02581369
1A15,1A8,0.03142536
1A16,1A8,0.03164983
1A17,1A8,0.02626263
1A18,1A8,0.02222222
1A19,1A8,0.02760943
1A2,1A8,0.01750842
1A20,1A8,0.01750842
1A3,1A8,0.01427609
1A4,1A8,0.01001684
1A5,1A8,0.01683502
1A6,1A8,0.01414141
1A7,1A8,0.01186221
1A1,1A9,0.04245283
1A10,1A9,0.0047138
1A11,1A9,0.00763187
1A12,1A9,0.01132756
1A13,1A9,0.02154882
1A14,1A9,0.02177329
1A15,1A9,0.02873176
1A16,1A9,0.02895623
1A17,1A9,0.02356902
1A18,1A9,0.01952862
1A19,1A9,0.02491582
1A2,1A9,0.01245791
1A20,1A9,0.01414141
1A3,1A9,0.00942761
1A4,1A9,0.01144781
1A5,1A9,0.01818182
1A6,1A9,0.01144781
1A7,1A9,0.01655012
1A8,1A9,0.01346801
1A1,1B1,0.04548518
1A10,1B1,0.02754209
1A11,1B1,0.02897868
1A12,1B1,0.03213083
1A13,1B1,0.0416835
1A14,1B1,0.04190797
1A15,1B1,0.04904602
1A16,1B1,0.04922559
1A17,1B1,0.04383838
1A18,1B1,0.04006734
1A19,1B1,0.04545455
1A2,1B1,0.02692761
1A20,1B1,0.03494949
1A3,1B1,0.02774411
1A4,1B1,0.03240741
1A5,1B1,0.03858586
1A6,1B1,0.03077441
1A7,1B1,0.03760425
1A8,1B1,0.03400673
1A9,1B1,0.02808081
1A1,1B10,0.0458221
1A10,1B10,0.03030303
1A11,1B10,0.0291807
1A12,1B10,0.03246753
1A13,1B10,0.04309764
1A14,1B10,0.04399551
1A15,1B10,0.05028058
1A16,1B10,0.05050505
1A17,1B10,0.04511785
1A18,1B10,0.04107744
1A19,1B10,0.04646465
1A2,1B10,0.02676768
1A20,1B10,0.03569024
1A3,1B10,0.02801347
1A4,1B10,0.03164983
1A5,1B10,0.03636364
1A6,1B10,0.03097643
1A7,1B10,0.03607874
1A8,1B10,0.03367003
1A9,1B10,0.02962963
1B1,1B10,0.0186532
1A1,1B11,0.04716981
1A10,1B11,0.03164983
1A11,1B11,0.03007856
1A12,1B11,0.03386243
1A13,1B11,0.04444444
1A14,1B11,0.04534231
1A15,1B11,0.05162738
1A16,1B11,0.05185185
1A17,1B11,0.04646465
1A18,1B11,0.04242424
1A19,1B11,0.04781145
1A2,1B11,0.02840909
1A20,1B11,0.03703704
1A3,1B11,0.02922559
1A4,1B11,0.03299663
1A5,1B11,0.03771044
1A6,1B11,0.03232323
1A7,1B11,0.03690754
1A8,1B11,0.03501684
1A9,1B11,0.03097643
1B1,1B11,0.02148148
1B10,1B11,0.01481481
1A1,1B12,0.04273792
1A10,1B12,0.02999223
1A11,1B12,0.0288958
1A12,1B12,0.03216783
1A13,1B12,0.04241561
1A14,1B12,0.04321851
1A15,1B12,0.04822585
1A16,1B12,0.04845895
1A17,1B12,0.04309764
1A18,1B12,0.03931624
1A19,1B12,0.04444444
1A2,1B12,0.02616388
1A20,1B12,0.03517224
1A3,1B12,0.02750065
1A4,1B12,0.03133903
1A5,1B12,0.03610464
1A6,1B12,0.03071743
1A7,1B12,0.03631582
1A8,1B12,0.03276353
1A9,1B12,0.02931883
1B1,1B12,0.01932142
1B10,1B12,0.01292411
1B11,1B12,0.01784512
1A1,1B13,0.04887149
1A10,1B13,0.03671372
1A11,1B13,0.03514193
1A12,1B13,0.03786827
1A13,1B13,0.04749108
1A14,1B13,0.04838925
1A15,1B13,0.05265564
1A16,1B13,0.05153308
1A17,1B13,0.04681746
1A18,1B13,0.04547065
1A19,1B13,0.05018582
1A2,1B13,0.03284036
1A20,1B13,0.04142889
1A3,1B13,0.03428862
1A4,1B13,0.03780828
1A5,1B13,0.04277637
1A6,1B13,0.03738735
1A7,1B13,0.04307431
1A8,1B13,0.03940823
1A9,1B13,0.0360401
1B1,1B13,0.02788893
1B10,1B13,0.02256754
1B11,1B13,0.02728294
1B12,1B13,0.01583125
1A1,1B14,0.04716981
1A10,1B14,0.03367003
1A11,1B14,0.0325477
1A12,1B14,0.03569024
1A13,1B14,0.04646465
1A14,1B14,0.04736251
1A15,1B14,0.05230079
1A16,1B14,0.05252525
1A17,1B14,0.04713805
1A18,1B14,0.04309764
1A19,1B14,0.04781145
1A2,1B14,0.03038721
1A20,1B14,0.03905724
1A3,1B14,0.03111111
1A4,1B14,0.03501684
1A5,1B14,0.04107744
1A6,1B14,0.03434343
1A7,1B14,0.03872054
1A8,1B14,0.03569024
1A9,1B14,0.03299663
1B1,1B14,0.01771044
1B10,1B14,0.01818182
1B11,1B14,0.02154882
1B12,1B14,0.01528102
1B13,1B14,0.02256732
1A1,1B15,0.0458221
1A10,1B15,0.03434343
1A11,1B15,0.0332211
1A12,1B15,0.03621934
1A13,1B15,0.04579125
1A14,1B15,0.04668911
1A15,1B15,0.05162738
1A16,1B15,0.05185185
1A17,1B15,0.04646465
1A18,1B15,0.04242424
1A19,1B15,0.04781145
1A2,1B15,0.03093434
1A20,1B15,0.03838384
1A3,1B15,0.03178451
1A4,1B15,0.03686869
1A5,1B15,0.04175084
1A6,1B15,0.03501684
1A7,1B15,0.04074074
1A8,1B15,0.03703704
1A9,1B15,0.03367003
1B1,1B15,0.02175084
1B10,1B15,0.01952862
1B11,1B15,0.02424242
1B12,1B15,0.01515152
1B13,1B15,0.02256732
1B14,1B15,0.01616162
1A1,1B16,0.04608416
1A10,1B16,0.0338945
1A11,1B16,0.03284699
1A12,1B16,0.03587195
1A13,1B16,0.04483103
1A14,1B16,0.04617783
1A15,1B16,0.05096645
1A16,1B16,0.05136551
1A17,1B16,0.0459783
1A18,1B16,0.0416012
1A19,1B16,0.04702581
1A2,1B16,0.0299336
1A20,1B16,0.03931912
1A3,1B16,0.03126076
1A4,1B16,0.0353021
1A5,1B16,0.03928171
1A6,1B16,0.03464272
1A7,1B16,0.04033353
1A8,1B16,0.03664422
1A9,1B16,0.03329592
1B1,1B16,0.02440703
1B10,1B16,0.01855593
1B11,1B16,0.02319491
1B12,1B16,0.01172264
1B13,1B16,0.01987291
1B14,1B16,0.01975309
1B15,1B16,0.02042649
1A1,1B2,0.04851752
1A10,1B2,0.03164983
1A11,1B2,0.03299663
1A12,1B2,0.03642376
1A13,1B2,0.04545455
1A14,1B2,0.04567901
1A15,1B2,0.05196409
1A16,1B2,0.05218855
1A17,1B2,0.04680135
1A18,1B2,0.04343434
1A19,1B2,0.04882155
1A2,1B2,0.03021886
1A20,1B2,0.03804714
1A3,1B2,0.03205387
1A4,1B2,0.03686869
1A5,1B2,0.04242424
1A6,1B2,0.03501684
1A7,1B2,0.04203574
1A8,1B2,0.03838384
1A9,1B2,0.03232323
1B1,1B2,0.01710438
1B10,1B2,0.02289562
1B11,1B2,0.02760943
1B12,1B2,0.01972287
1B13,1B2,0.02728294
1B14,1B2,0.02760943
1B15,1B2,0.01818182
1B16,1B2,0.02439207
1A1,1B3,0.05121294
1A10,1B3,0.03434343
1A11,1B3,0.0359147
1A12,1B3,0.03927369
1A13,1B3,0.04713805
1A14,1B3,0.04736251
1A15,1B3,0.05432099
1A16,1B3,0.05454545
1A17,1B3,0.04915825
1A18,1B3,0.04511785
1A19,1B3,0.05185185
1A2,1B3,0.03375421
1A20,1B3,0.04107744
1A3,1B3,0.03461279
1A4,1B3,0.03930976
1A5,1B3,0.04444444
1A6,1B3,0.03771044
1A7,1B3,0.04480704
1A8,1B3,0.04175084
1A9,1B3,0.03501684
1B1,1B3,0.01622896
1B10,1B3,0.02760943
1B11,1B3,0.02962963
1B12,1B3,0.02846413
1B13,1B3,0.0370502
1B14,1B3,0.02693603
1B15,1B3,0.03164983
1B16,1B3,0.03299663
1B2,1B3,0.02693603
1A1,1B4,0.05188679
1A10,1B4,0.03238445
1A11,1B4,0.03420059
1A12,1B4,0.03748743
1A13,1B4,0.04603612
1A14,1B4,0.04626059
1A15,1B4,0.05374962
1A16,1B4,0.05405571
1A17,1B4,0.0486685
1A18,1B4,0.04475054
1A19,1B4,0.04946434
1A2,1B4,0.03250689
1A20,1B4,0.03948577
1A3,1B4,0.03330272
1A4,1B4,0.03780227
1A5,1B4,0.04407713
1A6,1B4,0.03587389
1A7,1B4,0.04170611
1A8,1B4,0.03868993
1A9,1B4,0.03305785
1B1,1B4,0.0122314
1B10,1B4,0.02387511
1B11,1B4,0.02760943
1B12,1B4,0.02461444
1B13,1B4,0.03205934
1B14,1B4,0.01714111
1B15,1B4,0.02130395
1B16,1B4,0.02927592
1B2,1B4,0.01756964
1B3,1B4,0.02209979
1A1,1B5,0.05357143
1A10,1B5,0.03535354
1A11,1B5,0.0369248
1A12,1B5,0.04006734
1A13,1B5,0.04725028
1A14,1B5,0.04837262
1A15,1B5,0.05667789
1A16,1B5,0.05690236
1A17,1B5,0.05151515
1A18,1B5,0.04747475
1A19,1B5,0.05218855
1A2,1B5,0.03476431
1A20,1B5,0.04208754
1A3,1B5,0.03575758
1A4,1B5,0.03897306
1A5,1B5,0.04511785
1A6,1B5,0.03872054
1A7,1B5,0.04304584
1A8,1B5,0.04006734
1A9,1B5,0.03602694
1B1,1B5,0.01521886
1B10,1B5,0.02592593
1B11,1B5,0.02929293
1B12,1B5,0.02665113
1B13,1B5,0.0343558
1B14,1B5,0.01986532
1B15,1B5,0.02525253
1B16,1B5,0.03004115
1B2,1B5,0.02053872
1B3,1B5,0.02390572
1B4,1B5,0.01049893
1A1,1B6,0.04357592
1A10,1B6,0.03108866
1A11,1B6,0.02914328
1A12,1B6,0.03296457
1A13,1B6,0.04343434
1A14,1B6,0.04433221
1A15,1B6,0.04927048
1A16,1B6,0.04949495
1A17,1B6,0.04410774
1A18,1B6,0.03984287
1A19,1B6,0.04590348
1A2,1B6,0.0275954
1A20,1B6,0.0362514
1A3,1B6,0.02859708
1A4,1B6,0.03100449
1A5,1B6,0.03580247
1A6,1B6,0.03063973
1A7,1B6,0.03506
1A8,1B6,0.0325477
1A9,1B6,0.03041526
1B1,1B6,0.01988777
1B10,1B6,0.01391695
1B11,1B6,0.01863075
1B12,1B6,0.01214711
1B13,1B6,0.02133252
1B14,1B6,0.01728395
1B15,1B6,0.01840629
1B16,1B6,0.01721536
1B2,1B6,0.02424242
1B3,1B6,0.02906846
1B4,1B6,0.02563004
1B5,1B6,0.02682379
1A1,1B7,0.04743935
1A10,1B7,0.03488215
1A11,1B7,0.03286195
1A12,1B7,0.03699375
1A13,1B7,0.04767677
1A14,1B7,0.04857464
1A15,1B7,0.05315376
1A16,1B7,0.05373737
1A17,1B7,0.04835017
1A18,1B7,0.04430976
1A19,1B7,0.04969697
1A2,1B7,0.03150673
1A20,1B7,0.04026936
1A3,1B7,0.03259259
1A4,1B7,0.03474747
1A5,1B7,0.03771044
1A6,1B7,0.03407407
1A7,1B7,0.0386273
1A8,1B7,0.03622896
1A9,1B7,0.03286195
1B1,1B7,0.02331313
1B10,1B7,0.01723906
1B11,1B7,0.02127946
1B12,1B7,0.01563844
1B13,1B7,0.0249926
1B14,1B7,0.02060606
1B15,1B7,0.02195286
1B16,1B7,0.02095773
1B2,1B7,0.02787879
1B3,1B7,0.03265993
1B4,1B7,0.02895623
1B5,1B7,0.03063973
1B6,1B7,0.01079686
1A1,1B8,0.04667066
1A10,1B8,0.03579
1A11,1B8,0.03465104
1A12,1B8,0.03763651
1A13,1B8,0.04703828
1A14,1B8,0.0479029
1A15,1B8,0.05192667
1A16,1B8,0.05220102
1A17,1B8,0.0468637
1A18,1B8,0.04367128
1A19,1B8,0.04806086
1A2,1B8,0.03224841
1A20,1B8,0.03963088
1A3,1B8,0.03335578
1A4,1B8,0.03691857
1A5,1B8,0.04182566
1A6,1B8,0.03641352
1A7,1B8,0.04063906
1A8,1B8,0.03845866
1A9,1B8,0.0351166
1B1,1B8,0.0226113
1B10,1B8,0.01750842
1B11,1B8,0.02139918
1B12,1B8,0.01599854
1B13,1B8,0.02518716
1B14,1B8,0.02077566
1B15,1B8,0.02212246
1B16,1B8,0.02082277
1B2,1B8,0.02699838
1B3,1B8,0.03150019
1B4,1B8,0.028174
1B5,1B8,0.02986657
1B6,1B8,0.01155589
1B7,1B8,0.01482978
1A1,1B9,0.0446888
1A10,1B9,0.03073156
1A11,1B9,0.02947999
1A12,1B9,0.03148476
1A13,1B9,0.04137333
1A14,1B9,0.0422712
1A15,1B9,0.0489916
1A16,1B9,0.05010713
1A17,1B9,0.04473013
1A18,1B9,0.03935313
1A19,1B9,0.04474033
1A2,1B9,0.0268544
1A20,1B9,0.03399653
1A3,1B9,0.02819304
1A4,1B9,0.0320554
1A5,1B9,0.03679216
1A6,1B9,0.03133354
1A7,1B9,0.03686869
1A8,1B9,0.03407816
1A9,1B9,0.03005816
1B1,1B9,0.02044281
1B10,1B9,0.01393735
1B11,1B9,0.01869197
1B12,1B9,0.00854819
1B13,1B9,0.01767864
1B14,1B9,0.01731456
1B15,1B9,0.01599837
1B16,1B9,0.01346971
1B2,1B9,0.02059994
1B3,1B9,0.02860933
1B4,1B9,0.0256254
1B5,1B9,0.02728293
1B6,1B9,0.01394586
1B7,1B9,0.01763902
1B8,1B9,0.01792788
1A1,1C1,0.053261
1A10,1C1,0.03665116
1A11,1C1,0.03561457
1A12,1C1,0.03769531
1A13,1C1,0.04794007
1A14,1C1,0.04792873
1A15,1C1,0.05554799
1A16,1C1,0.05666402
1A17,1C1,0.05129195
1A18,1C1,0.04607877
1A19,1C1,0.04993001
1A2,1C1,0.03372371
1A20,1C1,0.04069534
1A3,1C1,0.03487156
1A4,1C1,0.03791094
1A5,1C1,0.04194
1A6,1C1,0.03586804
1A7,1C1,0.04178213
1A8,1C1,0.04007491
1A9,1C1,0.03597019
1B1,1C1,0.02720085
1B10,1C1,0.01860175
1B11,1C1,0.01869633
1B12,1C1,0.02207773
1B13,1C1,0.02997532
1B14,1C1,0.027076
1B15,1C1,0.0285136
1B16,1C1,0.02744507
1B2,1C1,0.03094995
1B3,1C1,0.03506602
1B4,1C1,0.03246527
1B5,1C1,0.03463852
1B6,1C1,0.02244354
1B7,1C1,0.02511104
1B8,1C1,0.02498168
1B9,1C1,0.02160299
1A1,1D1,0.04830839
1A10,1D1,0.03429699
1A11,1D1,0.03317466
1A12,1D1,0.03629895
1A13,1D1,0.04695228
1A14,1D1,0.04789659
1A15,1D1,0.05217694
1A16,1D1,0.05287356
1A17,1D1,0.04748636
1A18,1D1,0.04339951
1A19,1D1,0.04904215
1A2,1D1,0.03082114
1A20,1D1,0.0396842
1A3,1D1,0.03204458
1A4,1D1,0.03578312
1A5,1D1,0.03903402
1A6,1D1,0.03497039
1A7,1D1,0.04060142
1A8,1D1,0.0369906
1A9,1D1,0.03360037
1B1,1D1,0.02601881
1B10,1D1,0.02059677
1B11,1D1,0.02442819
1B12,1D1,0.01351713
1B13,1D1,0.02166162
1B14,1D1,0.02182747
1B15,1D1,0.02266342
1B16,1D1,0.01735103
1B2,1D1,0.02728434
1B3,1D1,0.03538837
1B4,1D1,0.03092788
1B5,1D1,0.03312435
1B6,1D1,0.01945896
1B7,1D1,0.02274237
1B8,1D1,0.02319061
1B9,1D1,0.01570916
1C1,1D1,0.02869115
1A1,1D2,0.05127922
1A10,1D2,0.03540321
1A11,1D2,0.03552097
1A12,1D2,0.0386614
1A13,1D2,0.04918033
1A14,1D2,0.05007084
1A15,1D2,0.05480672
1A16,1D2,0.05423635
1A17,1D2,0.05009659
1A18,1D2,0.04607827
1A19,1D2,0.05149859
1A2,1D2,0.03402605
1A20,1D2,0.04085665
1A3,1D2,0.03545179
1A4,1D2,0.03822653
1A5,1D2,0.04115472
1A6,1D2,0.0373903
1A7,1D2,0.04306665
1A8,1D2,0.03943258
1A9,1D2,0.0359883
1B1,1D2,0.02734117
1B10,1D2,0.02378981
1B11,1D2,0.02791853
1B12,1D2,0.01681591
1B13,1D2,0.02487554
1B14,1D2,0.02526908
1B15,1D2,0.02592041
1B16,1D2,0.02080796
1B2,1D2,0.02855329
1B3,1D2,0.03686041
1B4,1D2,0.03221685
1B5,1D2,0.03463598
1B6,1D2,0.02258836
1B7,1D2,0.02556273
1B8,1D2,0.02647156
1B9,1D2,0.01895591
1C1,1D2,0.03166093
1D1,1D2,0.01256964
1A1,1D3,0.0506573
1A10,1D3,0.0369189
1A11,1D3,0.03685983
1A12,1D3,0.04006861
1A13,1D3,0.05074133
1A14,1D3,0.05163526
1A15,1D3,0.05636088
1A16,1D3,0.05697915
1A17,1D3,0.05161557
1A18,1D3,0.04769331
1A19,1D3,0.05293874
1A2,1D3,0.03445714
1A20,1D3,0.0436529
1A3,1D3,0.03554138
1A4,1D3,0.03957115
1A5,1D3,0.04281411
1A6,1D3,0.03879733
1A7,1D3,0.04449488
1A8,1D3,0.04091204
1A9,1D3,0.0375923
1B1,1D3,0.02796739
1B10,1D3,0.02391163
1B11,1D3,0.02833008
1B12,1D3,0.01679458
1B13,1D3,0.02359564
1B14,1D3,0.02525843
1B15,1D3,0.02594365
1B16,1D3,0.02054135
1B2,1D3,0.02927521
1B3,1D3,0.03690708
1B4,1D3,0.03304174
1B5,1D3,0.03553075
1B6,1D3,0.02263965
1B7,1D3,0.02585386
1B8,1D3,0.02649103
1B9,1D3,0.01903315
1C1,1D3,0.03197638
1D1,1D3,0.01254407
1D2,1D3,0.01166298
1A1,1D4,0.05055798
1A10,1D4,0.03686134
1A11,1D4,0.03703842
1A12,1D4,0.04010811
1A13,1D4,0.05071724
1A14,1D4,0.05160139
1A15,1D4,0.05616183
1A16,1D4,0.05682775
1A17,1D4,0.051448
1A18,1D4,0.04741507
1A19,1D4,0.05282474
1A2,1D4,0.03442587
1A20,1D4,0.0434345
1A3,1D4,0.03578614
1A4,1D4,0.03958021
1A5,1D4,0.04289578
1A6,1D4,0.03881795
1A7,1D4,0.04454361
1A8,1D4,0.04085687
1A9,1D4,0.03745244
1B1,1D4,0.02747148
1B10,1D4,0.02366638
1B11,1D4,0.02835027
1B12,1D4,0.01678256
1B13,1D4,0.02472137
1B14,1D4,0.02517032
1B15,1D4,0.02565292
1B16,1D4,0.02073853
1B2,1D4,0.02874122
1B3,1D4,0.03693242
1B4,1D4,0.03263047
1B5,1D4,0.03518719
1B6,1D4,0.02254466
1B7,1D4,0.02569781
1B8,1D4,0.02631482
1B9,1D4,0.01893862
1C1,1D4,0.03176823
1D1,1D4,0.01261909
1D2,1D4,0.01162381
1D3,1D4,0.00941747
1E1,1F1,0.01550497
1A1,1F1,0.0496727
1A10,1F1,0.03563252
1A11,1F1,0.03449735
1A12,1F1,0.03766234
1A13,1F1,0.04815616
1A14,1F1,0.04903479
1A15,1F1,0.05480038
1A16,1F1,0.05534392
1A17,1F1,0.05
1A18,1F1,0.04604618
1A19,1F1,0.05041366
1A2,1F1,0.03170665
1A20,1F1,0.04079365
1A3,1F1,0.03300048
1A4,1F1,0.03666005
1A5,1F1,0.04025012
1A6,1F1,0.0362482
1A7,1F1,0.0419314
1A8,1F1,0.03890813
1A9,1F1,0.03484367
1B1,1F1,0.02354401
1B10,1F1,0.01969216
1B11,1F1,0.02305916
1B12,1F1,0.01433659
1B13,1F1,0.02334702
1B14,1F1,0.02207311
1B15,1F1,0.0229822
1B16,1F1,0.01917829
1B2,1F1,0.025
1B3,1F1,0.03251563
1B4,1F1,0.0281499
1B5,1F1,0.03093314
1B6,1F1,0.01958393
1B7,1F1,0.02299952
1B8,1F1,0.02375519
1B9,1F1,0.0146265
1C1,1F1,0.02780931
1D1,1F1,0.01975519
1D2,1F1,0.02231519
1D3,1F1,0.02293022
1D4,1F1,0.02159436
1E1,1G1,0.019004
1A1,1G1,0.04793061
1A10,1G1,0.03645053
1A11,1G1,0.03535716
1A12,1G1,0.03857391
1A13,1G1,0.04673256
1A14,1G1,0.04764491
1A15,1G1,0.05309004
1A16,1G1,0.05400239
1A17,1G1,0.04861518
1A18,1G1,0.04457478
1A19,1G1,0.04928858
1A2,1G1,0.03241963
1A20,1G1,0.04053438
1A3,1G1,0.03382209
1A4,1G1,0.03782991
1A5,1G1,0.04244597
1A6,1G1,0.03716737
1A7,1G1,0.04285702
1A8,1G1,0.03901379
1A9,1G1,0.03577713
1B1,1G1,0.02590638
1B10,1G1,0.01981101
1B11,1G1,0.02456826
1B12,1G1,0.01240611
1B13,1G1,0.02082915
1B14,1G1,0.02187466
1B15,1G1,0.02187466
1B16,1G1,0.01682778
1B2,1G1,0.02586076
1B3,1G1,0.03304008
1B4,1G1,0.03118971
1B5,1G1,0.03358314
1B6,1G1,0.01861627
1B7,1G1,0.02223091
1B8,1G1,0.02212005
1B9,1G1,0.01416774
1C1,1G1,0.02879294
1D1,1G1,0.01905671
1D2,1G1,0.02179632
1D3,1G1,0.02179806
1D4,1G1,0.02197443
1F1,1G1,0.01951171
1E1,1G10,0.01985453
1A1,1G10,0.04796618
1A10,1G10,0.03660086
1A11,1G10,0.03546832
1A12,1G10,0.03870031
1A13,1G10,0.04668146
1A14,1G10,0.04758443
1A15,1G10,0.05227783
1A16,1G10,0.05319865
1A17,1G10,0.04782675
1A18,1G10,0.04393939
1A19,1G10,0.04850015
1A2,1G10,0.03253606
1A20,1G10,0.04062596
1A3,1G10,0.03402969
1A4,1G10,0.03793044
1A5,1G10,0.0426232
1A6,1G10,0.03724365
1A7,1G10,0.04291222
1A8,1G10,0.03928298
1A9,1G10,0.03592746
1B1,1G10,0.02605295
1B10,1G10,0.01984236
1B11,1G10,0.02449495
1B12,1G10,0.01245085
1B13,1G10,0.02088347
1B14,1G10,0.02180135
1B15,1G10,0.02185491
1B16,1G10,0.01686393
1B2,1G10,0.02589532
1B3,1G10,0.03393021
1B4,1G10,0.03152183
1B5,1G10,0.0335629
1B6,1G10,0.01870217
1B7,1G10,0.02221916
1B8,1G10,0.02259548
1B9,1G10,0.01415417
1C1,1G10,0.02879407
1D1,1G10,0.01918084
1D2,1G10,0.02178955
1D3,1G10,0.02197802
1D4,1G10,0.02203721
1F1,1G10,0.02035474
1G1,1G10,0.00943773
1E1,1G2,0.02412896
1A1,1G2,0.05053908
1A10,1G2,0.04118967
1A11,1G2,0.03988028
1A12,1G2,0.04319785
1A13,1G2,0.05140292
1A14,1G2,0.05095398
1A15,1G2,0.05780022
1A16,1G2,0.05875421
1A17,1G2,0.053367
1A18,1G2,0.0493266
1A19,1G2,0.0540404
1A2,1G2,0.03724046
1A20,1G2,0.04534231
1A3,1G2,0.03873176
1A4,1G2,0.04252946
1A5,1G2,0.04713805
1A6,1G2,0.04186308
1A7,1G2,0.04758051
1A8,1G2,0.04388328
1A9,1G2,0.04051627
1B1,1G2,0.03071829
1B10,1G2,0.02413019
1B11,1G2,0.02906846
1B12,1G2,0.01672063
1B13,1G2,0.02537433
1B14,1G2,0.02643098
1B15,1G2,0.02648709
1B16,1G2,0.02146776
1B2,1G2,0.03047138
1B3,1G2,0.03855219
1B4,1G2,0.03608305
1B5,1G2,0.03821549
1B6,1G2,0.02204452
1B7,1G2,0.02421998
1B8,1G2,0.02513821
1B9,1G2,0.01878465
1C1,1G2,0.03329329
1D1,1G2,0.02363675
1D2,1G2,0.02620559
1D3,1G2,0.02645067
1D4,1G2,0.02661533
1F1,1G2,0.02489859
1G1,1G2,0.01403461
1G10,1G2,0.01348651
1E1,1G3,0.01952424
1A1,1G3,0.0476752
1A10,1G3,0.03552189
1A11,1G3,0.03439955
1A12,1G3,0.03756614
1A13,1G3,0.0452862
1A14,1G3,0.04483726
1A15,1G3,0.05179574
1A16,1G3,0.0526936
1A17,1G3,0.0473064
1A18,1G3,0.04360269
1A19,1G3,0.0483165
1A2,1G3,0.03236532
1A20,1G3,0.03956229
1A3,1G3,0.03397306
1A4,1G3,0.03676347
1A5,1G3,0.04158249
1A6,1G3,0.03619529
1A7,1G3,0.04191919
1A8,1G3,0.03804714
1A9,1G3,0.03484848
1B1,1G3,0.02555556
1B10,1G3,0.01936027
1B11,1G3,0.02407407
1B12,1G3,0.01217301
1B13,1G3,0.0205466
1B14,1G3,0.02138047
1B15,1G3,0.02171717
1B16,1G3,0.01649832
1B2,1G3,0.02558923
1B3,1G3,0.03316498
1B4,1G3,0.03077747
1B5,1G3,0.03316498
1B6,1G3,0.01829405
1B7,1G3,0.02158249
1B8,1G3,0.02215364
1B9,1G3,0.01400622
1C1,1G3,0.02789884
1D1,1G3,0.01884941
1D2,1G3,0.02117624
1D3,1G3,0.02181168
1D4,1G3,0.02182014
1F1,1G3,0.02016354
1G1,1G3,0.00921038
1G10,1G3,0.00863177
1G2,1G3,0.01052189
1E1,1G4,0.02181718
1A1,1G4,0.0495283
1A10,1G4,0.03703704
1A11,1G4,0.0359147
1A12,1G4,0.03906926
1A13,1G4,0.04551066
1A14,1G4,0.04517396
1A15,1G4,0.05230079
1A16,1G4,0.05319865
1A17,1G4,0.04781145
1A18,1G4,0.04511785
1A19,1G4,0.04983165
1A2,1G4,0.03417508
1A20,1G4,0.04107744
1A3,1G4,0.03585859
1A4,1G4,0.03829966
1A5,1G4,0.04309764
1A6,1G4,0.03737374
1A7,1G4,0.04340844
1A8,1G4,0.03905724
1A9,1G4,0.03636364
1B1,1G4,0.02787879
1B10,1G4,0.02205387
1B11,1G4,0.02676768
1B12,1G4,0.01452991
1B13,1G4,0.0220621
1B14,1G4,0.02390572
1B15,1G4,0.02407407
1B16,1G4,0.01866816
1B2,1G4,0.02811448
1B3,1G4,0.03569024
1B4,1G4,0.0332109
1B5,1G4,0.03569024
1B6,1G4,0.02093154
1B7,1G4,0.02420875
1B8,1G4,0.02484724
1B9,1G4,0.01633507
1C1,1G4,0.03043449
1D1,1G4,0.02113665
1D2,1G4,0.02314677
1D3,1G4,0.02403272
1D4,1G4,0.02409568
1F1,1G4,0.02248677
1G1,1G4,0.01156186
1G10,1G4,0.0109772
1G2,1G4,0.01278058
1G3,1G4,0.00572391
1E1,1G5,0.02674097
1A1,1G5,0.05215084
1A10,1G5,0.04261296
1A11,1G5,0.04149059
1A12,1G5,0.04461853
1A13,1G5,0.05211575
1A14,1G5,0.05296375
1A15,1G5,0.05922418
1A16,1G5,0.06012209
1A17,1G5,0.05469727
1A18,1G5,0.05065671
1A19,1G5,0.05552031
1A2,1G5,0.03743834
1A20,1G5,0.04665352
1A3,1G5,0.03964237
1A4,1G5,0.04223415
1A5,1G5,0.04728953
1A6,1G5,0.04328639
1A7,1G5,0.04743914
1A8,1G5,0.04384756
1A9,1G5,0.04193954
1B1,1G5,0.03155382
1B10,1G5,0.02588955
1B11,1G5,0.03049125
1B12,1G5,0.0194402
1B13,1G5,0.02814479
1B14,1G5,0.02910703
1B15,1G5,0.02910703
1B16,1G5,0.02397735
1B2,1G5,0.03153886
1B3,1G5,0.03849758
1B4,1G5,0.03721876
1B5,1G5,0.03947031
1B6,1G5,0.02573989
1B7,1G5,0.02951109
1B8,1G5,0.02859711
1B9,1G5,0.02131837
1C1,1G5,0.03469642
1D1,1G5,0.02543157
1D2,1G5,0.02894323
1D3,1G5,0.02835288
1D4,1G5,0.02919382
1F1,1G5,0.02631605
1G1,1G5,0.01321398
1G10,1G5,0.01684851
1G2,1G5,0.02144997
1G3,1G5,0.0166861
1G4,1G5,0.01904309
1E1,1G6,0.02052518
1A1,1G6,0.0487013
1A10,1G6,0.03728191
1A11,1G6,0.03603714
1A12,1G6,0.03920591
1A13,1G6,0.04762779
1A14,1G6,0.04852566
1A15,1G6,0.05289256
1A16,1G6,0.05387205
1A17,1G6,0.04848485
1A18,1G6,0.04432201
1A19,1G6,0.04903581
1A2,1G6,0.03323003
1A20,1G6,0.04089379
1A3,1G6,0.03462504
1A4,1G6,0.03857515
1A5,1G6,0.04273033
1A6,1G6,0.03746556
1A7,1G6,0.04343434
1A8,1G6,0.03976125
1A9,1G6,0.03660851
1B1,1G6,0.02674013
1B10,1G6,0.02056933
1B11,1G6,0.02503826
1B12,1G6,0.0130748
1B13,1G6,0.02146524
1B14,1G6,0.02258953
1B15,1G6,0.02228344
1B16,1G6,0.01752882
1B2,1G6,0.0261708
1B3,1G6,0.03464953
1B4,1G6,0.03204497
1B5,1G6,0.03376186
1B6,1G6,0.019447
1B7,1G6,0.02299357
1B8,1G6,0.02332642
1B9,1G6,0.01440484
1C1,1G6,0.02931219
1D1,1G6,0.01965106
1D2,1G6,0.0225815
1D3,1G6,0.02269908
1D4,1G6,0.02259336
1F1,1G6,0.02090297
1G1,1G6,0.01134907
1G10,1G6,0.0113699
1G2,1G6,0.01557494
1G3,1G6,0.01123355
1G4,1G6,0.01363636
1G5,1G6,0.01892406
1E1,1G7,0.01918011
1A1,1G7,0.04750674
1A10,1G7,0.03569024
1A11,1G7,0.0345679
1A12,1G7,0.03775854
1A13,1G7,0.0459596
1A14,1G7,0.04685746
1A15,1G7,0.05218855
1A16,1G7,0.05286195
1A17,1G7,0.04781145
1A18,1G7,0.04377104
1A19,1G7,0.04848485
1A2,1G7,0.03167088
1A20,1G7,0.03973064
1A3,1G7,0.03313131
1A4,1G7,0.03703704
1A5,1G7,0.04124579
1A6,1G7,0.03602694
1A7,1G7,0.04203574
1A8,1G7,0.03838384
1A9,1G7,0.03501684
1B1,1G7,0.02508418
1B10,1G7,0.01919192
1B11,1G7,0.02390572
1B12,1G7,0.01173271
1B13,1G7,0.02020985
1B14,1G7,0.02087542
1B15,1G7,0.02121212
1B16,1G7,0.01582492
1B2,1G7,0.02525253
1B3,1G7,0.03299663
1B4,1G7,0.03051729
1B5,1G7,0.03232323
1B6,1G7,0.01806958
1B7,1G7,0.02161616
1B8,1G7,0.02198528
1B9,1G7,0.01312621
1C1,1G7,0.02817595
1D1,1G7,0.01799605
1D2,1G7,0.02105205
1D3,1G7,0.02121507
1D4,1G7,0.02111306
1F1,1G7,0.01940837
1G1,1G7,0.01002498
1G10,1G7,0.00958448
1G2,1G7,0.01426768
1G3,1G7,0.00934343
1G4,1G7,0.01178451
1G5,1G7,0.0175466
1G6,1G7,0.00930517
1E1,1G8,0.01993825
1A1,1G8,0.04805425
1A10,1G8,0.03670034
1A11,1G8,0.03554994
1A12,1G8,0.03880321
1A13,1G8,0.04737654
1A14,1G8,0.04828844
1A15,1G8,0.05204826
1A16,1G8,0.05294613
1A17,1G8,0.04755892
1A18,1G8,0.04478114
1A19,1G8,0.04823232
1A2,1G8,0.03265993
1A20,1G8,0.04074074
1A3,1G8,0.03414141
1A4,1G8,0.03803662
1A5,1G8,0.04271886
1A6,1G8,0.03728956
1A7,1G8,0.04298919
1A8,1G8,0.03935185
1A9,1G8,0.03602694
1B1,1G8,0.02608586
1B10,1G8,0.01986532
1B11,1G8,0.02449495
1B12,1G8,0.01245953
1B13,1G8,0.02096768
1B14,1G8,0.02184343
1B15,1G8,0.02188552
1B16,1G8,0.01692854
1B2,1G8,0.0260101
1B3,1G8,0.03358586
1B4,1G8,0.03156566
1B5,1G8,0.03358586
1B6,1G8,0.01874299
1B7,1G8,0.02228956
1B8,1G8,0.02262127
1B9,1G8,0.01423324
1C1,1G8,0.02887584
1D1,1G8,0.01920353
1D2,1G8,0.02207319
1D3,1G8,0.0221698
1D4,1G8,0.02214632
1F1,1G8,0.02043741
1G1,1G8,0.01051781
1G10,1G8,0.01042001
1G2,1G8,0.01503928
1G3,1G8,0.01026936
1G4,1G8,0.01268939
1G5,1G8,0.01797918
1G6,1G8,0.00992501
1G7,1G8,0.00898569
1E1,1G9,0.02037842
1A1,1G9,0.04710561
1A10,1G9,0.03685161
1A11,1G9,0.03537141
1A12,1G9,0.03880713
1A13,1G9,0.0475527
1A14,1G9,0.04843197
1A15,1G9,0.05106771
1A16,1G9,0.05198259
1A17,1G9,0.04659788
1A18,1G9,0.04355449
1A19,1G9,0.04827867
1A2,1G9,0.03275906
1A20,1G9,0.04088509
1A3,1G9,0.03432694
1A4,1G9,0.03815404
1A5,1G9,0.04265327
1A6,1G9,0.03752645
1A7,1G9,0.0429726
1A8,1G9,0.0394701
1A9,1G9,0.03617673
1B1,1G9,0.02644097
1B10,1G9,0.02018469
1B11,1G9,0.02498195
1B12,1G9,0.01283542
1B13,1G9,0.02136291
1B14,1G9,0.02241144
1B15,1G9,0.02232255
1B16,1G9,0.01731248
1B2,1G9,0.02569398
1B3,1G9,0.03426829
1B4,1G9,0.03192177
1B5,1G9,0.03401682
1B6,1G9,0.01900804
1B7,1G9,0.0226205
1B8,1G9,0.02277035
1B9,1G9,0.01470457
1C1,1G9,0.02925502
1D1,1G9,0.01959327
1D2,1G9,0.02251525
1D3,1G9,0.02264942
1D4,1G9,0.02260413
1F1,1G9,0.02079552
1G1,1G9,0.01128991
1G10,1G9,0.01093629
1G2,1G9,0.01550852
1G3,1G9,0.01112156
1G4,1G9,0.01348328
1G5,1G9,0.01863359
1G6,1G9,0.01145762
1G7,1G9,0.01054771
1G8,1G9,0.01090163
1E1,1H1,0.01814227
1A1,1H1,0.04397207
1A10,1H1,0.03271503
1A11,1H1,0.03161718
1A12,1H1,0.03475491
1A13,1H1,0.04515049
1A14,1H1,0.04607285
1A15,1H1,0.05108458
1A16,1H1,0.0514723
1A17,1H1,0.04601163
1A18,1H1,0.04199571
1A19,1H1,0.04721151
1A2,1H1,0.02865856
1A20,1H1,0.03800429
1A3,1H1,0.02986716
1A4,1H1,0.03397919
1A5,1H1,0.03880012
1A6,1H1,0.03331497
1A7,1H1,0.03911846
1A8,1H1,0.03472299
1A9,1H1,0.0318947
1B1,1H1,0.02197368
1B10,1H1,0.01721457
1B11,1H1,0.02190389
1B12,1H1,0.01074757
1B13,1H1,0.01885623
1B14,1H1,0.01911234
1B15,1H1,0.01908785
1B16,1H1,0.01520457
1B2,1H1,0.02234466
1B3,1H1,0.03127028
1B4,1H1,0.02725547
1B5,1H1,0.02926232
1B6,1H1,0.01560249
1B7,1H1,0.01919069
1B8,1H1,0.01991996
1B9,1H1,0.01224866
1C1,1H1,0.02586622
1D1,1H1,0.0169621
1D2,1H1,0.01977349
1D3,1H1,0.01998228
1D4,1H1,0.02038072
1F1,1H1,0.01712712
1G1,1H1,0.01662569
1G10,1H1,0.01682848
1G2,1H1,0.02130701
1G3,1H1,0.01652586
1G4,1H1,0.01880012
1G5,1H1,0.02355909
1G6,1H1,0.01753068
1G7,1H1,0.01615549
1G8,1H1,0.0169345
1G9,1H1,0.01719766
1E1,1H2,0.02130341
1A1,1H2,0.0474693
1A10,1H2,0.03344557
1A11,1H2,0.03228998
1A12,1H2,0.03549249
1A13,1H2,0.0461903
1A14,1H2,0.04708817
1A15,1H2,0.05154425
1A16,1H2,0.0522509
1A17,1H2,0.0468637
1A18,1H2,0.04282329
1A19,1H2,0.04811074
1A2,1H2,0.02948934
1A20,1H2,0.03878289
1A3,1H2,0.03061728
1A4,1H2,0.03452737
1A5,1H2,0.03948123
1A6,1H2,0.03411897
1A7,1H2,0.03901791
1A8,1H2,0.03549071
1A9,1H2,0.03277217
1B1,1H2,0.0252226
1B10,1H2,0.02052625
1B11,1H2,0.02434219
1B12,1H2,0.01377114
1B13,1H2,0.02219307
1B14,1H2,0.02254645
1B15,1H2,0.02254645
1B16,1H2,0.01870835
1B2,1H2,0.02524005
1B3,1H2,0.03212371
1B4,1H2,0.03028943
1B5,1H2,0.03258511
1B6,1H2,0.01814025
1B7,1H2,0.02158873
1B8,1H2,0.02230536
1B9,1H2,0.01561368
1C1,1H2,0.02718347
1D1,1H2,0.01878642
1D2,1H2,0.02209016
1D3,1H2,0.02245807
1D4,1H2,0.02282366
1F1,1H2,0.01964602
1G1,1H2,0.02008053
1G10,1H2,0.02018785
1G2,1H2,0.02388494
1G3,1H2,0.01906098
1G4,1H2,0.02242798
1G5,1H2,0.02723498
1G6,1H2,0.02093891
1G7,1H2,0.01956603
1G8,1H2,0.02032361
1G9,1H2,0.02048666
1H1,1H2,0.01042071
1E1,1H3,0.0220087
1A1,1H3,0.04693305
1A10,1H3,0.03547184
1A11,1H3,0.0343859
1A12,1H3,0.03758954
1A13,1H3,0.04826645
1A14,1H3,0.04914005
1A15,1H3,0.05267085
1A16,1H3,0.05290745
1A17,1H3,0.04752025
1A18,1H3,0.04477204
1A19,1H3,0.04748385
1A2,1H3,0.03195468
1A20,1H3,0.04089544
1A3,1H3,0.03239967
1A4,1H3,0.03800164
1A5,1H3,0.04269724
1A6,1H3,0.03599964
1A7,1H3,0.04321594
1A8,1H3,0.03883884
1A9,1H3,0.03439803
1B1,1H3,0.02625171
1B10,1H3,0.02265902
1B11,1H3,0.02735463
1B12,1H3,0.01614832
1B13,1H3,0.02369587
1B14,1H3,0.02464282
1B15,1H3,0.02325962
1B16,1H3,0.02080565
1B2,1H3,0.02666303
1B3,1H3,0.03539904
1B4,1H3,0.031582
1B5,1H3,0.03509874
1B6,1H3,0.02064792
1B7,1H3,0.02416962
1B8,1H3,0.02548677
1B9,1H3,0.01773454
1C1,1H3,0.02983515
1D1,1H3,0.02290755
1D2,1H3,0.02558714
1D3,1H3,0.02534943
1D4,1H3,0.02606526
1F1,1H3,0.02312091
1G1,1H3,0.02210715
1G10,1H3,0.02224559
1G2,1H3,0.02685109
1G3,1H3,0.02211757
1G4,1H3,0.02447447
1G5,1H3,0.02926275
1G6,1H3,0.02298993
1G7,1H3,0.02161252
1G8,1H3,0.0223701
1G9,1H3,0.02142889
1H1,1H3,0.01310964
1H2,1H3,0.01636384
1E1,1H4,0.02184138
1A1,1H4,0.04706668
1A10,1H4,0.03580256
1A11,1H4,0.03435545
1A12,1H4,0.03766778
1A13,1H4,0.0474948
1A14,1H4,0.04882857
1A15,1H4,0.05340961
1A16,1H4,0.05352729
1A17,1H4,0.04814645
1A18,1H4,0.04454398
1A19,1H4,0.0502452
1A2,1H4,0.03196633
1A20,1H4,0.04101342
1A3,1H4,0.03307356
1A4,1H4,0.03667374
1A5,1H4,0.04145144
1A6,1H4,0.03570449
1A7,1H4,0.04070536
1A8,1H4,0.03735534
1A9,1H4,0.03511606
1B1,1H4,0.02499903
1B10,1H4,0.02024847
1B11,1H4,0.0247336
1B12,1H4,0.01416655
1B13,1H4,0.02096237
1B14,1H4,0.0222099
1B15,1H4,0.02278525
1B16,1H4,0.01903929
1B2,1H4,0.02617198
1B3,1H4,0.03393922
1B4,1H4,0.03045501
1B5,1H4,0.03259564
1B6,1H4,0.01830773
1B7,1H4,0.02203859
1B8,1H4,0.02285378
1B9,1H4,0.01594562
1C1,1H4,0.02861767
1D1,1H4,0.01989722
1D2,1H4,0.02236778
1D3,1H4,0.02262054
1D4,1H4,0.02308177
1F1,1H4,0.02106457
1G1,1H4,0.01898008
1G10,1H4,0.01912823
1G2,1H4,0.02370548
1G3,1H4,0.01865808
1G4,1H4,0.02050835
1G5,1H4,0.02622059
1G6,1H4,0.01983242
1G7,1H4,0.01843415
1G8,1H4,0.01923589
1G9,1H4,0.01953541
1H1,1H4,0.01064427
1H2,1H4,0.01452911
1H3,1H4,0.01659952
1E1,1H5,0.02272073
1A1,1H5,0.04896889
1A10,1H5,0.03643409
1A11,1H5,0.03538164
1A12,1H5,0.03856785
1A13,1H5,0.04713939
1A14,1H5,0.04849927
1A15,1H5,0.05470362
1A16,1H5,0.05484559
1A17,1H5,0.04955767
1A18,1H5,0.04557243
1A19,1H5,0.05097044
1A2,1H5,0.03294999
1A20,1H5,0.0416215
1A3,1H5,0.03374864
1A4,1H5,0.03766744
1A5,1H5,0.04249884
1A6,1H5,0.03711202
1A7,1H5,0.04189159
1A8,1H5,0.03833537
1A9,1H5,0.03582075
1B1,1H5,0.02749987
1B10,1H5,0.02289736
1B11,1H5,0.02728403
1B12,1H5,0.01633756
1B13,1H5,0.0245545
1B14,1H5,0.0247504
1B15,1H5,0.024786
1B16,1H5,0.02035644
1B2,1H5,0.02786476
1B3,1H5,0.03642291
1B4,1H5,0.03249684
1B5,1H5,0.03440903
1B6,1H5,0.02101986
1B7,1H5,0.0251025
1B8,1H5,0.02549929
1B9,1H5,0.01803071
1C1,1H5,0.03095339
1D1,1H5,0.02131531
1D2,1H5,0.02437857
1D3,1H5,0.02427826
1D4,1H5,0.02498647
1F1,1H5,0.02227791
1G1,1H5,0.02103042
1G10,1H5,0.0211825
1G2,1H5,0.02577367
1G3,1H5,0.02104266
1G4,1H5,0.02305801
1G5,1H5,0.02823016
1G6,1H5,0.02187251
1G7,1H5,0.02054477
1G8,1H5,0.02130971
1G9,1H5,0.02152799
1H1,1H5,0.01244774
1H2,1H5,0.01508903
1H3,1H5,0.01712586
1H4,1H5,0.01169694
1E1,1I1,0.0226205
1A1,1I1,0.04733436
1A10,1I1,0.03596429
1A11,1I1,0.03443479
1A12,1I1,0.03800687
1A13,1I1,0.04486467
1A14,1I1,0.04572599
1A15,1I1,0.05182053
1A16,1I1,0.05208676
1A17,1I1,0.04671521
1A18,1I1,0.04394331
1A19,1I1,0.04933834
1A2,1I1,0.0309177
1A20,1I1,0.03996555
1A3,1I1,0.03343356
1A4,1I1,0.03711925
1A5,1I1,0.04090518
1A6,1I1,0.03640279
1A7,1I1,0.04207188
1A8,1I1,0.03857568
1A9,1I1,0.03488372
1B1,1I1,0.0261256
1B10,1I1,0.02152533
1B11,1I1,0.02627829
1B12,1I1,0.01450371
1B13,1I1,0.02393046
1B14,1I1,0.02232402
1B15,1I1,0.02361601
1B16,1I1,0.01848154
1B2,1I1,0.02423851
1B3,1I1,0.03486806
1B4,1I1,0.0303493
1B5,1I1,0.03261295
1B6,1I1,0.01996189
1B7,1I1,0.02227234
1B8,1I1,0.02362877
1B9,1I1,0.0159515
1C1,1I1,0.03027435
1D1,1I1,0.02207129
1D2,1I1,0.0241491
1D3,1I1,0.02526118
1D4,1I1,0.02513969
1F1,1I1,0.02213989
1G1,1I1,0.01783906
1G10,1I1,0.01727387
1G2,1I1,0.02079712
1G3,1I1,0.01677237
1G4,1I1,0.01938963
1G5,1I1,0.02517784
1G6,1I1,0.01864238
1G7,1I1,0.01681348
1G8,1I1,0.01787203
1G9,1I1,0.01696067
1H1,1I1,0.01703846
1H2,1I1,0.02029656
1H3,1I1,0.02255998
1H4,1I1,0.02079227
1H5,1I1,0.02151559
1E1,1J1,0.02079745
1A1,1J1,0.04740217
1A10,1J1,0.03429699
1A11,1J1,0.03298889
1A12,1J1,0.03621104
1A13,1J1,0.04548164
1A14,1J1,0.04639498
1A15,1J1,0.05100043
1A16,1J1,0.05052827
1A17,1J1,0.04544294
1A18,1J1,0.0423778
1A19,1J1,0.04767212
1A2,1J1,0.03026094
1A20,1J1,0.0383374
1A3,1J1,0.03168698
1A4,1J1,0.03528387
1A5,1J1,0.04021827
1A6,1J1,0.03487751
1A7,1J1,0.04042726
1A8,1J1,0.03675839
1A9,1J1,0.03362359
1B1,1J1,0.02421688
1B10,1J1,0.01955184
1B11,1J1,0.02401022
1B12,1J1,0.01271423
1B13,1J1,0.02173125
1B14,1J1,0.0214095
1B15,1J1,0.02166493
1B16,1J1,0.01653186
1B2,1J1,0.02416115
1B3,1J1,0.03290375
1B4,1J1,0.02967185
1B5,1J1,0.03142923
1B6,1J1,0.01756647
1B7,1J1,0.02119122
1B8,1J1,0.02162536
1B9,1J1,0.01262503
1C1,1J1,0.02813789
1D1,1J1,0.0199586
1D2,1J1,0.02226029
1D3,1J1,0.02311439
1D4,1J1,0.02297492
1F1,1J1,0.01988456
1G1,1J1,0.01656161
1G10,1J1,0.01658566
1G2,1J1,0.02129726
1G3,1J1,0.01612098
1G4,1J1,0.01882619
1G5,1J1,0.02384734
1G6,1J1,0.01735432
1G7,1J1,0.01597585
1G8,1J1,0.01666086
1G9,1J1,0.01690658
1H1,1J1,0.01521928
1H2,1J1,0.01848111
1H3,1J1,0.02068338
1H4,1J1,0.01875576
1H5,1J1,0.02065065
1I1,1J1,0.01423538
1E1,1J2,0.02083721
1A1,1J2,0.04646533
1A10,1J2,0.03394552
1A11,1J2,0.03272115
1A12,1J2,0.03583891
1A13,1J2,0.04514845
1A14,1J2,0.04604632
1A15,1J2,0.05098459
1A16,1J2,0.05120906
1A17,1J2,0.04582185
1A18,1J2,0.04178145
1A19,1J2,0.04704622
1A2,1J2,0.02987259
1A20,1J2,0.03774105
1A3,1J2,0.03120294
1A4,1J2,0.03369299
1A5,1J2,0.0379247
1A6,1J2,0.03584328
1A7,1J2,0.03880177
1A8,1J2,0.03492501
1A9,1J2,0.03327212
1B1,1J2,0.02421182
1B10,1J2,0.0198041
1B11,1J2,0.02421182
1B12,1J2,0.0133185
1B13,1J2,0.0225369
1B14,1J2,0.02219161
1B15,1J2,0.02084481
1B16,1J2,0.01722613
1B2,1J2,0.02304867
1B3,1J2,0.03290481
1B4,1J2,0.03020007
1B5,1J2,0.03213958
1B6,1J2,0.01766146
1B7,1J2,0.02135904
1B8,1J2,0.02180616
1B9,1J2,0.01320042
1C1,1J2,0.0283535
1D1,1J2,0.02036773
1D2,1J2,0.02271297
1D3,1J2,0.02359211
1D4,1J2,0.02340994
1F1,1J2,0.0199801
1G1,1J2,0.01713025
1G10,1J2,0.0171585
1G2,1J2,0.02191613
1G3,1J2,0.01669728
1G4,1J2,0.01939088
1G5,1J2,0.02430123
1G6,1J2,0.01789242
1G7,1J2,0.01637588
1G8,1J2,0.01720233
1G9,1J2,0.0174861
1H1,1J2,0.01578763
1H2,1J2,0.01925994
1H3,1J2,0.02134283
1H4,1J2,0.01948649
1H5,1J2,0.02147929
1I1,1J2,0.01491269
1J1,1J2,0.00902864
1E1,1J3,0.02197524
1A1,1J3,0.04910348
1A10,1J3,0.03656858
1A11,1J3,0.03543649
1A12,1J3,0.03860343
1A13,1J3,0.04748939
1A14,1J3,0.04838725
1A15,1J3,0.05344264
1A16,1J3,0.05360855
1A17,1J3,0.0482799
1A18,1J3,0.0442395
1A19,1J3,0.04939248
1A2,1J3,0.0324989
1A20,1J3,0.04014054
1A3,1J3,0.03387498
1A4,1J3,0.0370224
1A5,1J3,0.04151662
1A6,1J3,0.03683209
1A7,1J3,0.04219339
1A8,1J3,0.03855951
1A9,1J3,0.03589518
1B1,1J3,0.02571512
1B10,1J3,0.02108037
1B11,1J3,0.02573562
1B12,1J3,0.01425628
1B13,1J3,0.02356334
1B14,1J3,0.02304201
1B15,1J3,0.02315913
1B16,1J3,0.01812326
1B2,1J3,0.02570634
1B3,1J3,0.0342556
1B4,1J3,0.03114944
1B5,1J3,0.0328356
1B6,1J3,0.01897233
1B7,1J3,0.02263797
1B8,1J3,0.0227861
1B9,1J3,0.01416493
1C1,1J3,0.02993985
1D1,1J3,0.02151752
1D2,1J3,0.02372117
1D3,1J3,0.02471447
1D4,1J3,0.02466185
1F1,1J3,0.02153125
1G1,1J3,0.01808926
1G10,1J3,0.01811727
1G2,1J3,0.02246377
1G3,1J3,0.01766213
1G4,1J3,0.02034109
1G5,1J3,0.02541132
1G6,1J3,0.01884723
1G7,1J3,0.01740594
1G8,1J3,0.01815986
1G9,1J3,0.0183553
1H1,1J3,0.01682703
1H2,1J3,0.02017708
1H3,1J3,0.02217158
1H4,1J3,0.02052336
1H5,1J3,0.02232186
1I1,1J3,0.01538744
1J1,1J3,0.00997582
1J2,1J3,0.00978028
1E1,1J4,0.02423139
1A1,1J4,0.05024769
1A10,1J4,0.03792884
1A11,1J4,0.03639397
1A12,1J4,0.03992044
1A13,1J4,0.04908545
1A14,1J4,0.04989838
1A15,1J4,0.05382959
1A16,1J4,0.05409045
1A17,1J4,0.04877605
1A18,1J4,0.04597325
1A19,1J4,0.05130585
1A2,1J4,0.0333413
1A20,1J4,0.04193284
1A3,1J4,0.03539176
1A4,1J4,0.03912549
1A5,1J4,0.04402584
1A6,1J4,0.03860224
1A7,1J4,0.04413994
1A8,1J4,0.04055874
1A9,1J4,0.03725544
1B1,1J4,0.02763673
1B10,1J4,0.02296842
1B11,1J4,0.02640823
1B12,1J4,0.01622672
1B13,1J4,0.02526205
1B14,1J4,0.02473382
1B15,1J4,0.02517063
1B16,1J4,0.02011102
1B2,1J4,0.02526163
1B3,1J4,0.03590864
1B4,1J4,0.03289901
1B5,1J4,0.03480753
1B6,1J4,0.02111505
1B7,1J4,0.02483938
1B8,1J4,0.02535128
1B9,1J4,0.01625703
1C1,1J4,0.03141804
1D1,1J4,0.02270358
1D2,1J4,0.02512199
1D3,1J4,0.02658608
1D4,1J4,0.02654968
1F1,1J4,0.02314067
1G1,1J4,0.02011689
1G10,1J4,0.02027813
1G2,1J4,0.02491734
1G3,1J4,0.01980162
1G4,1J4,0.02244517
1G5,1J4,0.02567008
1G6,1J4,0.02092837
1G7,1J4,0.01953772
1G8,1J4,0.02024866
1G9,1J4,0.01977793
1H1,1J4,0.01758353
1H2,1J4,0.02037795
1H3,1J4,0.02303286
1H4,1J4,0.02126347
1H5,1J4,0.02311537
1I1,1J4,0.01682105
1J1,1J4,0.01214192
1J2,1J4,0.01285997
1J3,1J4,0.013669
1E1,1J5,0.02191832
1A1,1J5,0.04693475
1A10,1J5,0.03595646
1A11,1J5,0.03446872
1A12,1J5,0.03798785
1A13,1J5,0.04868843
1A14,1J5,0.04885548
1A15,1J5,0.05427401
1A16,1J5,0.05474904
1A17,1J5,0.04911127
1A18,1J5,0.04532143
1A19,1J5,0.05061467
1A2,1J5,0.03138948
1A20,1J5,0.04131235
1A3,1J5,0.03329105
1A4,1J5,0.03721322
1A5,1J5,0.0417665
1A6,1J5,0.03528306
1A7,1J5,0.04234172
1A8,1J5,0.03865007
1A9,1J5,0.03528306
1B1,1J5,0.02577872
1B10,1J5,0.02059353
1B11,1J5,0.02563621
1B12,1J5,0.01442812
1B13,1J5,0.02338212
1B14,1J5,0.02295826
1B15,1J5,0.02295826
1B16,1J5,0.01818878
1B2,1J5,0.02548743
1B3,1J5,0.03542401
1B4,1J5,0.03096077
1B5,1J5,0.03314541
1B6,1J5,0.01894657
1B7,1J5,0.02255422
1B8,1J5,0.02296755
1B9,1J5,0.01493417
1C1,1J5,0.02835286
1D1,1J5,0.02161254
1D2,1J5,0.02382627
1D3,1J5,0.02480098
1D4,1J5,0.02479612
1F1,1J5,0.02157925
1G1,1J5,0.0193311
1G10,1J5,0.01947399
1G2,1J5,0.02323232
1G3,1J5,0.0190314
1G4,1J5,0.021725
1G5,1J5,0.02652728
1G6,1J5,0.02015362
1G7,1J5,0.01886696
1G8,1J5,0.01948751
1G9,1J5,0.01990233
1H1,1J5,0.01674903
1H2,1J5,0.01910811
1H3,1J5,0.02205673
1H4,1J5,0.02047411
1H5,1J5,0.02226049
1I1,1J5,0.0171342
1J1,1J5,0.01108708
1J2,1J5,0.0119098
1J3,1J5,0.012813
1J4,1J5,0.01472593
1E1,1J6,0.02122079
1A1,1J6,0.04810735
1A10,1J6,0.03539327
1A11,1J6,0.0339196
1A12,1J6,0.03732997
1A13,1J6,0.04644931
1A14,1J6,0.04732905
1A15,1J6,0.05157441
1A16,1J6,0.0517933
1A17,1J6,0.04641027
1A18,1J6,0.04324822
1A19,1J6,0.04763578
1A2,1J6,0.0311704
1A20,1J6,0.039212
1A3,1J6,0.03288287
1A4,1J6,0.03652519
1A5,1J6,0.04135349
1A6,1J6,0.03595792
1A7,1J6,0.04169952
1A8,1J6,0.03800322
1A9,1J6,0.0345442
1B1,1J6,0.02496392
1B10,1J6,0.02005145
1B11,1J6,0.02475689
1B12,1J6,0.01312182
1B13,1J6,0.02143782
1B14,1J6,0.02201309
1B15,1J6,0.02210093
1B16,1J6,0.01706227
1B2,1J6,0.0235272
1B3,1J6,0.03340235
1B4,1J6,0.03036159
1B5,1J6,0.03243407
1B6,1J6,0.0180891
1B7,1J6,0.02162578
1B8,1J6,0.02212959
1B9,1J6,0.01309411
1C1,1J6,0.02862966
1D1,1J6,0.02036009
1D2,1J6,0.02275568
1D3,1J6,0.02310938
1D4,1J6,0.02362697
1F1,1J6,0.02047981
1G1,1J6,0.01698249
1G10,1J6,0.01704139
1G2,1J6,0.02173669
1G3,1J6,0.01656419
1G4,1J6,0.01916787
1G5,1J6,0.02349541
1G6,1J6,0.01777572
1G7,1J6,0.01640212
1G8,1J6,0.01632814
1G9,1J6,0.01744285
1H1,1J6,0.01556122
1H2,1J6,0.0188783
1H3,1J6,0.0209368
1H4,1J6,0.01937058
1H5,1J6,0.02115271
1I1,1J6,0.01459552
1J1,1J6,0.00899392
1J2,1J6,0.00948788
1J3,1J6,0.01041271
1J4,1J6,0.01030641
1J5,1J6,0.01177075
1E1,1J7,0.02360351
1A1,1J7,0.05120331
1A10,1J7,0.03702742
1A11,1J7,0.03547539
1A12,1J7,0.03902254
1A13,1J7,0.04659612
1A14,1J7,0.04796216
1A15,1J7,0.05151515
1A16,1J7,0.05174603
1A17,1J7,0.04635883
1A18,1J7,0.04368446
1A19,1J7,0.04770563
1A2,1J7,0.03314274
1A20,1J7,0.03970178
1A3,1J7,0.03463781
1A4,1J7,0.03814214
1A5,1J7,0.04303992
1A6,1J7,0.03768158
1A7,1J7,0.04324194
1A8,1J7,0.03886484
1A9,1J7,0.03635402
1B1,1J7,0.02850986
1B10,1J7,0.0212506
1B11,1J7,0.02731121
1B12,1J7,0.01683391
1B13,1J7,0.02393405
1B14,1J7,0.02588745
1B15,1J7,0.0246176
1B16,1J7,0.0208968
1B2,1J7,0.02595479
1B3,1J7,0.03739298
1B4,1J7,0.03276488
1B5,1J7,0.03497835
1B6,1J7,0.02186147
1B7,1J7,0.02557768
1B8,1J7,0.0260574
1B9,1J7,0.01696503
1C1,1J7,0.03137955
1D1,1J7,0.02432038
1D2,1J7,0.02659002
1D3,1J7,0.02643461
1D4,1J7,0.02746865
1F1,1J7,0.02325108
1G1,1J7,0.02080901
1G10,1J7,0.02090505
1G2,1J7,0.02537919
1G3,1J7,0.02042809
1G4,1J7,0.02255411
1G5,1J7,0.02701677
1G6,1J7,0.02134155
1G7,1J7,0.02031025
1G8,1J7,0.01972763
1G9,1J7,0.02118003
1H1,1J7,0.01906109
1H2,1J7,0.02292092
1H3,1J7,0.02380666
1H4,1J7,0.02193698
1H5,1J7,0.02163692
1I1,1J7,0.01855957
1J1,1J7,0.01278433
1J2,1J7,0.01334252
1J3,1J7,0.01399962
1J4,1J7,0.01396175
1J5,1J7,0.01548262
1J6,1J7,0.00909324
1E1,1K1,0.02476384
1A1,1K1,0.05448599
1A10,1K1,0.03881914
1A11,1K1,0.03769556
1A12,1K1,0.04095486
1A13,1K1,0.04919756
1A14,1K1,0.04981977
1A15,1K1,0.0560197
1A16,1K1,0.05624201
1A17,1K1,0.0509131
1A18,1K1,0.04690486
1A19,1K1,0.05221498
1A2,1K1,0.03496275
1A20,1K1,0.04149577
1A3,1K1,0.03654656
1A4,1K1,0.03980581
1A5,1K1,0.04480542
1A6,1K1,0.03943054
1A7,1K1,0.04419338
1A8,1K1,0.04088036
1A9,1K1,0.0381448
1B1,1K1,0.02953383
1B10,1K1,0.02499262
1B11,1K1,0.02969581
1B12,1K1,0.01917571
1B13,1K1,0.02857813
1B14,1K1,0.02822401
1B15,1K1,0.02822583
1B16,1K1,0.02304937
1B2,1K1,0.02907907
1B3,1K1,0.03716565
1B4,1K1,0.03484572
1B5,1K1,0.03409879
1B6,1K1,0.0243024
1B7,1K1,0.02749286
1B8,1K1,0.02827507
1B9,1K1,0.01919472
1C1,1K1,0.03203259
1D1,1K1,0.02493779
1D2,1K1,0.02871756
1D3,1K1,0.02947964
1D4,1K1,0.02952757
1F1,1K1,0.02544494
1G1,1K1,0.02307785
1G10,1K1,0.02313155
1G2,1K1,0.02750871
1G3,1K1,0.02255691
1G4,1K1,0.02514253
1G5,1K1,0.02896192
1G6,1K1,0.02392086
1G7,1K1,0.02257063
1G8,1K1,0.02316528
1G9,1K1,0.02340527
1H1,1K1,0.02127217
1H2,1K1,0.02182308
1H3,1K1,0.02731919
1H4,1K1,0.02547896
1H5,1K1,0.02583215
1I1,1K1,0.02085821
1J1,1K1,0.01466191
1J2,1K1,0.01522898
1J3,1K1,0.01632649
1J4,1K1,0.01845772
1J5,1K1,0.01763564
1J6,1K1,0.01536489
1J7,1K1,0.01812385
1E1,1L1,0.02526416
1A1,1L1,0.0503062
1A10,1L1,0.03763841
1A11,1L1,0.03651604
1A12,1L1,0.03912747
1A13,1L1,0.04667104
1A14,1L1,0.0474323
1A15,1L1,0.0519852
1A16,1L1,0.05221947
1A17,1L1,0.04686138
1A18,1L1,0.04279158
1A19,1L1,0.04873523
1A2,1L1,0.03375159
1A20,1L1,0.03942446
1A3,1L1,0.03514674
1A4,1L1,0.03857535
1A5,1L1,0.04353812
1A6,1L1,0.03813612
1A7,1L1,0.04394244
1A8,1L1,0.04014178
1A9,1L1,0.03696499
1B1,1L1,0.02857207
1B10,1L1,0.0247848
1B11,1L1,0.02941091
1B12,1L1,0.01772121
1B13,1L1,0.02637561
1B14,1L1,0.02575105
1B15,1L1,0.02535577
1B16,1L1,0.02157224
1B2,1L1,0.02747116
1B3,1L1,0.03687709
1B4,1L1,0.03333168
1B5,1L1,0.03567667
1B6,1L1,0.02146166
1B7,1L1,0.02527671
1B8,1L1,0.0252728
1B9,1L1,0.01773297
1C1,1L1,0.03340571
1D1,1L1,0.02477068
1D2,1L1,0.02696108
1D3,1L1,0.02771633
1D4,1L1,0.02783947
1F1,1L1,0.02457192
1G1,1L1,0.02085526
1G10,1L1,0.02125917
1G2,1L1,0.02488122
1G3,1L1,0.02083945
1G4,1L1,0.02341236
1G5,1L1,0.02712822
1G6,1L1,0.02171713
1G7,1L1,0.0204954
1G8,1L1,0.02119077
1G9,1L1,0.02158013
1H1,1L1,0.02044989
1H2,1L1,0.02306061
1H3,1L1,0.02476545
1H4,1L1,0.02299032
1H5,1L1,0.02440812
1I1,1L1,0.01950655
1J1,1L1,0.01366579
1J2,1L1,0.01422434
1J3,1L1,0.01493937
1J4,1L1,0.01470803
1J5,1L1,0.01625606
1J6,1L1,0.01145006
1J7,1L1,0.01347996
1K1,1L1,0.02023196
1E1,1L2,0.02413118
1A1,1L2,0.04986574
1A10,1L2,0.03722389
1A11,1L2,0.03609119
1A12,1L2,0.03921378
1A13,1L2,0.04718688
1A14,1L2,0.04807094
1A15,1L2,0.05304034
1A16,1L2,0.05329244
1A17,1L2,0.04793626
1A18,1L2,0.04391653
1A19,1L2,0.04925199
1A2,1L2,0.0332877
1A20,1L2,0.03985536
1A3,1L2,0.0346608
1A4,1L2,0.03797241
1A5,1L2,0.04320168
1A6,1L2,0.03771082
1A7,1L2,0.0434575
1A8,1L2,0.03981392
1A9,1L2,0.03648833
1B1,1L2,0.02659959
1B10,1L2,0.02308233
1B11,1L2,0.02775475
1B12,1L2,0.01598964
1B13,1L2,0.02478534
1B14,1L2,0.02257469
1B15,1L2,0.02388006
1B16,1L2,0.0199484
1B2,1L2,0.02482801
1B3,1L2,0.03484106
1B4,1L2,0.03086843
1B5,1L2,0.03291926
1B6,1L2,0.02103103
1B7,1L2,0.02476482
1B8,1L2,0.02494332
1B9,1L2,0.01617386
1C1,1L2,0.03178128
1D1,1L2,0.02289084
1D2,1L2,0.02530686
1D3,1L2,0.02593208
1D4,1L2,0.02613797
1F1,1L2,0.02377809
1G1,1L2,0.02002643
1G10,1L2,0.02003516
1G2,1L2,0.02465448
1G3,1L2,0.01946665
1G4,1L2,0.02203855
1G5,1L2,0.0260631
1G6,1L2,0.02065336
1G7,1L2,0.01943298
1G8,1L2,0.02011222
1G9,1L2,0.02050602
1H1,1L2,0.0188426
1H2,1L2,0.02223779
1H3,1L2,0.02308877
1H4,1L2,0.02257353
1H5,1L2,0.02329886
1I1,1L2,0.01665701
1J1,1L2,0.01203737
1J2,1L2,0.0124213
1J3,1L2,0.01329607
1J4,1L2,0.01320102
1J5,1L2,0.01459571
1J6,1L2,0.00975562
1J7,1L2,0.01223425
1K1,1L2,0.01835435
1L1,1L2,0.0096551
1E1,1L3,0.02754406
1A1,1L3,0.05092655
1A10,1L3,0.03994949
1A11,1L3,0.03880471
1A12,1L3,0.04195046
1A13,1L3,0.04934343
1A14,1L3,0.04934343
1A15,1L3,0.05585297
1A16,1L3,0.05607744
1A17,1L3,0.05069024
1A18,1L3,0.04664983
1A19,1L3,0.05203704
1A2,1L3,0.03578914
1A20,1L3,0.04260943
1A3,1L3,0.03712121
1A4,1L3,0.04197811
1A5,1L3,0.0460101
1A6,1L3,0.03924242
1A7,1L3,0.0463086
1A8,1L3,0.0426431
1A9,1L3,0.03927609
1B1,1L3,0.02923906
1B10,1L3,0.02712121
1B11,1L3,0.03183502
1B12,1L3,0.01982906
1B13,1L3,0.028731
1B14,1L3,0.02644781
1B15,1L3,0.02644781
1B16,1L3,0.02347363
1B2,1L3,0.02681818
1B3,1L3,0.03757576
1B4,1L3,0.03339761
1B5,1L3,0.03666667
1B6,1L3,0.02493266
1B7,1L3,0.0286734
1B8,1L3,0.02882217
1B9,1L3,0.02003469
1C1,1L3,0.03452039
1D1,1L3,0.02744108
1D2,1L3,0.02969835
1D3,1L3,0.0303875
1D4,1L3,0.03055034
1F1,1L3,0.02762518
1G1,1L3,0.02260182
1G10,1L3,0.023235
1G2,1L3,0.02783109
1G3,1L3,0.02250842
1G4,1L3,0.02536195
1G5,1L3,0.02862347
1G6,1L3,0.0236685
1G7,1L3,0.02265993
1G8,1L3,0.02334596
1G9,1L3,0.02366929
1H1,1L3,0.02273982
1H2,1L3,0.0259702
1H3,1L3,0.02568068
1H4,1L3,0.02643464
1H5,1L3,0.02676288
1I1,1L3,0.01976822
1J1,1L3,0.01594624
1J2,1L3,0.01646159
1J3,1L3,0.01713878
1J4,1L3,0.01711803
1J5,1L3,0.01741406
1J6,1L3,0.01367233
1J7,1L3,0.01603319
1K1,1L3,0.02231156
1L1,1L3,0.01353878
1L2,1L3,0.00925727
1E1,1M1,0.02691134
1A1,1M1,0.05415326
1A10,1M1,0.04102802
1A11,1M1,0.0391804
1A12,1M1,0.04250687
1A13,1M1,0.05147481
1A14,1M1,0.05237273
1A15,1M1,0.05643648
1A16,1M1,0.0566034
1A17,1M1,0.05121592
1A18,1M1,0.04869484
1A19,1M1,0.05415139
1A2,1M1,0.03648339
1A20,1M1,0.0447233
1A3,1M1,0.03852075
1A4,1M1,0.04162376
1A5,1M1,0.04670907
1A6,1M1,0.04142518
1A7,1M1,0.04687112
1A8,1M1,0.04318649
1A9,1M1,0.04035458
1B1,1M1,0.03079694
1B10,1M1,0.026057
1B11,1M1,0.02945871
1B12,1M1,0.01904171
1B13,1M1,0.02823453
1B14,1M1,0.0280773
1B15,1M1,0.02804277
1B16,1M1,0.02278952
1B2,1M1,0.02861261
1B3,1M1,0.03918038
1B4,1M1,0.0362794
1B5,1M1,0.03844647
1B6,1M1,0.0234927
1B7,1M1,0.02718622
1B8,1M1,0.02776707
1B9,1M1,0.01888121
1C1,1M1,0.03434972
1D1,1M1,0.02560328
1D2,1M1,0.02815005
1D3,1M1,0.02960503
1D4,1M1,0.02957614
1F1,1M1,0.02621913
1G1,1M1,0.02268869
1G10,1M1,0.02291332
1G2,1M1,0.0276226
1G3,1M1,0.02227973
1G4,1M1,0.02466267
1G5,1M1,0.02870094
1G6,1M1,0.0236678
1G7,1M1,0.02227972
1G8,1M1,0.0229661
1G9,1M1,0.02218461
1H1,1M1,0.02018067
1H2,1M1,0.02219994
1H3,1M1,0.02526031
1H4,1M1,0.02387202
1H5,1M1,0.02386913
1I1,1M1,0.01920518
1J1,1M1,0.01470385
1J2,1M1,0.01530008
1J3,1M1,0.01624976
1J4,1M1,0.01227607
1J5,1M1,0.01761034
1J6,1M1,0.01262528
1J7,1M1,0.01611649
1K1,1M1,0.01992154
1L1,1M1,0.01718719
1L2,1M1,0.01514988
1L3,1M1,0.0191711
1E1,1M2,0.02610994
1A1,1M2,0.05038934
1A10,1M2,0.0402544
1A11,1M2,0.03865819
1A12,1M2,0.04215969
1A13,1M2,0.04990647
1A14,1M2,0.05085422
1A15,1M2,0.05600449
1A16,1M2,0.05622896
1A17,1M2,0.05084175
1A18,1M2,0.04814815
1A19,1M2,0.05353535
1A2,1M2,0.03561541
1A20,1M2,0.04414516
1A3,1M2,0.03773288
1A4,1M2,0.04162926
1A5,1M2,0.04638982
1A6,1M2,0.0409278
1A7,1M2,0.04648047
1A8,1M2,0.042948
1A9,1M2,0.039581
1B1,1M2,0.02980172
1B10,1M2,0.02499065
1B11,1M2,0.02809577
1B12,1M2,0.01788541
1B13,1M2,0.02713317
1B14,1M2,0.02701085
1B15,1M2,0.02693603
1B16,1M2,0.02173172
1B2,1M2,0.02695473
1B3,1M2,0.03838384
1B4,1M2,0.03518689
1B5,1M2,0.03729892
1B6,1M2,0.02247163
1B7,1M2,0.02646465
1B8,1M2,0.02695543
1B9,1M2,0.01795452
1C1,1M2,0.03377638
1D1,1M2,0.02322845
1D2,1M2,0.02582841
1D3,1M2,0.02730817
1D4,1M2,0.02736989
1F1,1M2,0.02518759
1G1,1M2,0.02191086
1G10,1M2,0.02198925
1G2,1M2,0.02650268
1G3,1M2,0.02151141
1G4,1M2,0.02412084
1G5,1M2,0.02713661
1G6,1M2,0.02258273
1G7,1M2,0.02132435
1G8,1M2,0.02198373
1G9,1M2,0.02138508
1H1,1M2,0.01923069
1H2,1M2,0.02244392
1H3,1M2,0.0246044
1H4,1M2,0.02285172
1H5,1M2,0.02500325
1I1,1M2,0.01827274
1J1,1M2,0.01369635
1J2,1M2,0.01435228
1J3,1M2,0.01524098
1J4,1M2,0.00906968
1J5,1M2,0.01653921
1J6,1M2,0.01126401
1J7,1M2,0.01540217
1K1,1M2,0.02033195
1L1,1M2,0.01556677
1L2,1M2,0.014522
1L3,1M2,0.01835765
1M1,1M2,0.01349097
1E1,1M3,0.02571331
1A1,1M3,0.05227185
1A10,1M3,0.04011544
1A11,1M3,0.03854417
1A12,1M3,0.04209098
1A13,1M3,0.05079365
1A14,1M3,0.05169152
1A15,1M3,0.05509059
1A16,1M3,0.05531506
1A17,1M3,0.04992785
1A18,1M3,0.04723425
1A19,1M3,0.05281385
1A2,1M3,0.03450577
1A20,1M3,0.04338624
1A3,1M3,0.03728716
1A4,1M3,0.04110149
1A5,1M3,0.04617605
1A6,1M3,0.04078884
1A7,1M3,0.04603175
1A8,1M3,0.04237614
1A9,1M3,0.03944204
1B1,1M3,0.02931217
1B10,1M3,0.02328042
1B11,1M3,0.02799423
1B12,1M3,0.01756762
1B13,1M3,0.02699424
1B14,1M3,0.02664743
1B15,1M3,0.02587783
1B16,1M3,0.02148469
1B2,1M3,0.02592593
1B3,1M3,0.03799904
1B4,1M3,0.03424723
1B5,1M3,0.03631554
1B6,1M3,0.02227032
1B7,1M3,0.02605099
1B8,1M3,0.02585645
1B9,1M3,0.01757109
1C1,1M3,0.033055
1D1,1M3,0.02478314
1D2,1M3,0.02686506
1D3,1M3,0.02833346
1D4,1M3,0.02823323
1F1,1M3,0.02480932
1G1,1M3,0.02149917
1G10,1M3,0.0215521
1G2,1M3,0.02601411
1G3,1M3,0.02128427
1G4,1M3,0.02378547
1G5,1M3,0.02761054
1G6,1M3,0.02212602
1G7,1M3,0.02082732
1G8,1M3,0.02159692
1G9,1M3,0.02089718
1H1,1M3,0.01885522
1H2,1M3,0.02179467
1H3,1M3,0.02429442
1H4,1M3,0.02240604
1H5,1M3,0.02436637
1I1,1M3,0.01860018
1J1,1M3,0.01382296
1J2,1M3,0.01467926
1J3,1M3,0.01557187
1J4,1M3,0.01065221
1J5,1M3,0.01648601
1J6,1M3,0.01201426
1J7,1M3,0.01510891
1K1,1M3,0.02034176
1L1,1M3,0.01622902
1L2,1M3,0.0150044
1L3,1M3,0.01879509
1M1,1M3,0.01413003
1M2,1M3,0.01197691
1E1,1M4,0.02948529
1A1,1M4,0.05408602
1A10,1M4,0.04394688
1A11,1M4,0.04192634
1A12,1M4,0.04589526
1A13,1M4,0.05360058
1A14,1M4,0.05494761
1A15,1M4,0.05809068
1A16,1M4,0.05741716
1A17,1M4,0.05337608
1A18,1M4,0.05068202
1A19,1M4,0.05607014
1A2,1M4,0.03860086
1A20,1M4,0.04664094
1A3,1M4,0.04138753
1A4,1M4,0.04512553
1A5,1M4,0.05000851
1A6,1M4,0.0446204
1A7,1M4,0.05021574
1A8,1M4,0.04596742
1A9,1M4,0.04327337
1B1,1M4,0.0331033
1B10,1M4,0.02845606
1B11,1M4,0.03182363
1B12,1M4,0.02128055
1B13,1M4,0.03082476
1B14,1M4,0.0304766
1B15,1M4,0.0304766
1B16,1M4,0.02523816
1B2,1M4,0.02946633
1B3,1M4,0.04192634
1B4,1M4,0.03868126
1B5,1M4,0.04091607
1B6,1M4,0.02609876
1B7,1M4,0.02993781
1B8,1M4,0.0304766
1B9,1M4,0.01999375
1C1,1M4,0.03721931
1D1,1M4,0.02748071
1D2,1M4,0.02985287
1D3,1M4,0.03138653
1D4,1M4,0.03137859
1F1,1M4,0.02850659
1G1,1M4,0.02463235
1G10,1M4,0.02469061
1G2,1M4,0.02929806
1G3,1M4,0.02390995
1G4,1M4,0.02694076
1G5,1M4,0.02995403
1G6,1M4,0.02514983
1G7,1M4,0.02390992
1G8,1M4,0.02470975
1G9,1M4,0.02410174
1H1,1M4,0.02239444
1H2,1M4,0.02608628
1H3,1M4,0.02821942
1H4,1M4,0.02452708
1H5,1M4,0.02652157
1I1,1M4,0.02166609
1J1,1M4,0.0167973
1J2,1M4,0.01734307
1J3,1M4,0.01858761
1J4,1M4,0.01238273
1J5,1M4,0.019857
1J6,1M4,0.01488329
1J7,1M4,0.01883923
1K1,1M4,0.02257201
1L1,1M4,0.0180611
1L2,1M4,0.01625007
1L3,1M4,0.01924575
1M1,1M4,0.01680011
1M2,1M4,0.01315232
1M3,1M4,0.01392739
1E1,1M5,0.02911413
1A1,1M5,0.05592992
1A10,1M5,0.04511785
1A11,1M5,0.04354658
1A12,1M5,0.04704185
1A13,1M5,0.05611672
1A14,1M5,0.05746352
1A15,1M5,0.06105499
1A16,1M5,0.06127946
1A17,1M5,0.05589226
1A18,1M5,0.05319865
1A19,1M5,0.05858586
1A2,1M5,0.04023569
1A20,1M5,0.04915825
1A3,1M5,0.0420202
1A4,1M5,0.0462963
1A5,1M5,0.04915825
1A6,1M5,0.04444444
1A7,1M5,0.05006475
1A8,1M5,0.04646465
1A9,1M5,0.04444444
1B1,1M5,0.03400673
1B10,1M5,0.02962963
1B11,1M5,0.03299663
1B12,1M5,0.02261072
1B13,1M5,0.03199833
1B14,1M5,0.03164983
1B15,1M5,0.03164983
1B16,1M5,0.0261878
1B2,1M5,0.03164983
1B3,1M5,0.04309764
1B4,1M5,0.04003673
1B5,1M5,0.04141414
1B6,1M5,0.02749719
1B7,1M5,0.03070707
1B8,1M5,0.03159995
1B9,1M5,0.02259973
1C1,1M5,0.03829304
1D1,1M5,0.03002438
1D2,1M5,0.03103163
1D3,1M5,0.03329198
1D4,1M5,0.03321748
1F1,1M5,0.02860991
1G1,1M5,0.02639296
1G10,1M5,0.02654576
1G2,1M5,0.03131313
1G3,1M5,0.02609428
1G4,1M5,0.02845118
1G5,1M5,0.03262376
1G6,1M5,0.02681359
1G7,1M5,0.02592593
1G8,1M5,0.02655724
1G9,1M5,0.02592328
1H1,1M5,0.02340986
1H2,1M5,0.02726026
1H3,1M5,0.02942943
1H4,1M5,0.02626349
1H5,1M5,0.02732554
1I1,1M5,0.02282515
1J1,1M5,0.01804249
1J2,1M5,0.01894705
1J3,1M5,0.01964573
1J4,1M5,0.01457821
1J5,1M5,0.02090674
1J6,1M5,0.01614489
1J7,1M5,0.01733526
1K1,1M5,0.02495394
1L1,1M5,0.02070036
1L2,1M5,0.01911441
1L3,1M5,0.02176768
1M1,1M5,0.0166461
1M2,1M5,0.01560045
1M3,1M5,0.01645022
1M4,1M5,0.01902686
1E1,1M6,0.02865269
1A1,1M6,0.05256065
1A10,1M6,0.04309764
1A11,1M6,0.04152637
1A12,1M6,0.04482924
1A13,1M6,0.05319865
1A14,1M6,0.05409652
1A15,1M6,0.05768799
1A16,1M6,0.05791246
1A17,1M6,0.05252525
1A18,1M6,0.04983165
1A19,1M6,0.05387205
1A2,1M6,0.03838384
1A20,1M6,0.04579125
1A3,1M6,0.04026936
1A4,1M6,0.04276094
1A5,1M6,0.04781145
1A6,1M6,0.04377104
1A7,1M6,0.04794095
1A8,1M6,0.04377104
1A9,1M6,0.04242424
1B1,1M6,0.03144781
1B10,1M6,0.02760943
1B11,1M6,0.02962963
1B12,1M6,0.02046102
1B13,1M6,0.02997745
1B14,1M6,0.02962963
1B15,1M6,0.02828283
1B16,1M6,0.02446689
1B2,1M6,0.02828283
1B3,1M6,0.03838384
1B4,1M6,0.03679216
1B5,1M6,0.03804714
1B6,1M6,0.02480359
1B7,1M6,0.02922559
1B8,1M6,0.02945504
1B9,1M6,0.0198041
1C1,1M6,0.03631067
1D1,1M6,0.02737722
1D2,1M6,0.02897831
1D3,1M6,0.03031484
1D4,1M6,0.03044157
1F1,1M6,0.02673401
1G1,1M6,0.02448137
1G10,1M6,0.0244873
1G2,1M6,0.02929293
1G3,1M6,0.02407407
1G4,1M6,0.02676768
1G5,1M6,0.02925668
1G6,1M6,0.02436486
1G7,1M6,0.02323232
1G8,1M6,0.02449495
1G9,1M6,0.02386998
1H1,1M6,0.02183043
1H2,1M6,0.02524005
1H3,1M6,0.02733643
1H4,1M6,0.02551163
1H5,1M6,0.02737891
1I1,1M6,0.02075014
1J1,1M6,0.01597585
1J2,1M6,0.01447811
1J3,1M6,0.01701069
1J4,1M6,0.01246701
1J5,1M6,0.01904314
1J6,1M6,0.01415814
1J7,1M6,0.0166811
1K1,1M6,0.02283472
1L1,1M6,0.01838728
1L2,1M6,0.01681446
1L3,1M6,0.02104377
1M1,1M6,0.01466039
1M2,1M6,0.01372989
1M3,1M6,0.01346801
1M4,1M6,0.01700632
1M5,1M6,0.01818182
1E1,1M7,0.02869591
1A1,1M7,0.05371583
1A10,1M7,0.04285714
1A11,1M7,0.04122174
1A12,1M7,0.0447674
1A13,1M7,0.05295815
1A14,1M7,0.05318262
1A15,1M7,0.05866603
1A16,1M7,0.05882636
1A17,1M7,0.05363155
1A18,1M7,0.05093795
1A19,1M7,0.05632516
1A2,1M7,0.03800505
1A20,1M7,0.04651275
1A3,1M7,0.04011544
1A4,1M7,0.04409572
1A5,1M7,0.04824435
1A6,1M7,0.04343434
1A7,1M7,0.04886225
1A8,1M7,0.0452381
1A9,1M7,0.04218374
1B1,1M7,0.03042809
1B10,1M7,0.02780183
1B11,1M7,0.03078403
1B12,1M7,0.02055167
1B13,1M7,0.03026614
1B14,1M7,0.02818663
1B15,1M7,0.02987013
1B16,1M7,0.024678
1B2,1M7,0.02977393
1B3,1M7,0.03838384
1B4,1M7,0.03621059
1B5,1M7,0.03795094
1B6,1M7,0.02545294
1B7,1M7,0.02895623
1B8,1M7,0.02979353
1B9,1M7,0.02083461
1C1,1M7,0.03654739
1D1,1M7,0.02744357
1D2,1M7,0.0294183
1D3,1M7,0.02975115
1D4,1M7,0.03004554
1F1,1M7,0.02727891
1G1,1M7,0.02347903
1G10,1M7,0.02479667
1G2,1M7,0.0286997
1G3,1M7,0.02366522
1G4,1M7,0.02633478
1G5,1M7,0.02868745
1G6,1M7,0.02556299
1G7,1M7,0.02385762
1G8,1M7,0.02482263
1G9,1M7,0.02416483
1H1,1M7,0.02198959
1H2,1M7,0.02553222
1H3,1M7,0.02752623
1H4,1M7,0.02567319
1H5,1M7,0.02767955
1I1,1M7,0.02111368
1J1,1M7,0.0164469
1J2,1M7,0.01721107
1J3,1M7,0.01773637
1J4,1M7,0.01149461
1J5,1M7,0.01943466
1J6,1M7,0.01441806
1J7,1M7,0.01826084
1K1,1M7,0.02324639
1L1,1M7,0.019136
1L2,1M7,0.01733765
1L3,1M7,0.02138288
1M1,1M7,0.01611081
1M2,1M7,0.01263962
1M3,1M7,0.01470487
1M4,1M7,0.01599605
1M5,1M7,0.01736412
1M6,1M7,0.01649832
1E1,1M8,0.02617596
1A1,1M8,0.05261841
1A10,1M8,0.03955748
1A11,1M8,0.03798621
1A12,1M8,0.04149591
1A13,1M8,0.05001122
1A14,1M8,0.05180696
1A15,1M8,0.05514831
1A16,1M8,0.05564214
1A17,1M8,0.05025493
1A18,1M8,0.04756133
1A19,1M8,0.05300625
1A2,1M8,0.03488576
1A20,1M8,0.04359788
1A3,1M8,0.03694853
1A4,1M8,0.04084897
1A5,1M8,0.04513709
1A6,1M8,0.04023088
1A7,1M8,0.04577497
1A8,1M8,0.0415392
1A9,1M8,0.03888408
1B1,1M8,0.03003175
1B10,1M8,0.0238961
1B11,1M8,0.02855219
1B12,1M8,0.01818182
1B13,1M8,0.02759087
1B14,1M8,0.02722463
1B15,1M8,0.02722463
1B16,1M8,0.02134146
1B2,1M8,0.02741703
1B3,1M8,0.037595
1B4,1M8,0.03538065
1B5,1M8,0.03612314
1B6,1M8,0.02281546
1B7,1M8,0.02651659
1B8,1M8,0.02705503
1B9,1M8,0.01818328
1C1,1M8,0.03301533
1D1,1M8,0.02551028
1D2,1M8,0.02709215
1D3,1M8,0.02872096
1D4,1M8,0.02873893
1F1,1M8,0.02549509
1G1,1M8,0.02200127
1G10,1M8,0.02209782
1G2,1M8,0.0266843
1G3,1M8,0.02129389
1G4,1M8,0.02293891
1G5,1M8,0.02930687
1G6,1M8,0.02285364
1G7,1M8,0.02148629
1G8,1M8,0.02217412
1G9,1M8,0.02149807
1H1,1M8,0.01940968
1H2,1M8,0.02176331
1H3,1M8,0.02486018
1H4,1M8,0.02318127
1H5,1M8,0.02486592
1I1,1M8,0.01840174
1J1,1M8,0.0136843
1J2,1M8,0.01455595
1J3,1M8,0.01543551
1J4,1M8,0.01084513
1J5,1M8,0.01621397
1J6,1M8,0.01269758
1J7,1M8,0.01680643
1K1,1M8,0.01927399
1L1,1M8,0.01762103
1L2,1M8,0.01594421
1L3,1M8,0.01997354
1M1,1M8,0.01454841
1M2,1M8,0.01163807
1M3,1M8,0.01181612
1M4,1M8,0.01594793
1M5,1M8,0.01683502
1M6,1M8,0.01408369
1M7,1M8,0.01515014
1E1,1M9,0.02733884
1A1,1M9,0.05474265
1A10,1M9,0.04165464
1A11,1M9,0.04109882
1A12,1M9,0.04461509
1A13,1M9,0.05398963
1A14,1M9,0.0548875
1A15,1M9,0.05850569
1A16,1M9,0.05873016
1A17,1M9,0.05334295
1A18,1M9,0.05066538
1A19,1M9,0.05603656
1A2,1M9,0.03806718
1A20,1M9,0.04662498
1A3,1M9,0.04020523
1A4,1M9,0.04349447
1A5,1M9,0.04870932
1A6,1M9,0.04335418
1A7,1M9,0.0488752
1A8,1M9,0.04524611
1A9,1M9,0.04098124
1B1,1M9,0.03214687
1B10,1M9,0.02610229
1B11,1M9,0.02945326
1B12,1M9,0.02030624
1B13,1M9,0.02973687
1B14,1M9,0.02921276
1B15,1M9,0.0294693
1B16,1M9,0.02444373
1B2,1M9,0.02942921
1B3,1M9,0.04062851
1B4,1M9,0.03724984
1B5,1M9,0.03968254
1B6,1M9,0.02532735
1B7,1M9,0.02909091
1B8,1M9,0.02927808
1B9,1M9,0.02048503
1C1,1M9,0.03591074
1D1,1M9,0.02704218
1D2,1M9,0.02891523
1D3,1M9,0.03049318
1D4,1M9,0.03029602
1F1,1M9,0.02643945
1G1,1M9,0.02358816
1G10,1M9,0.0244525
1G2,1M9,0.02890679
1G3,1M9,0.02292769
1G4,1M9,0.02663941
1G5,1M9,0.03029264
1G6,1M9,0.0250747
1G7,1M9,0.02377746
1G8,1M9,0.0244729
1G9,1M9,0.02379973
1H1,1M9,0.02158176
1H2,1M9,0.02359812
1H3,1M9,0.02696289
1H4,1M9,0.02531283
1H5,1M9,0.0272644
1I1,1M9,0.02060919
1J1,1M9,0.01600681
1J2,1M9,0.01626656
1J3,1M9,0.01734111
1J4,1M9,0.01214331
1J5,1M9,0.01831568
1J6,1M9,0.01408296
1J7,1M9,0.01779702
1K1,1M9,0.02269849
1L1,1M9,0.01819247
1L2,1M9,0.01637761
1L3,1M9,0.02088544
1M1,1M9,0.01482524
1M2,1M9,0.01349474
1M3,1M9,0.01283355
1M4,1M9,0.0167337
1M5,1M9,0.01811768
1M6,1M9,0.01484688
1M7,1M9,0.01614787
1M8,1M9,0.01355047
